序号,招聘主题,雇主类型
0,航天三院三〇四所2022年校园招聘,研究机构
1,深圳前海麦格美科技有限公司2022管培生招聘,互联网科技企业
2,2022极米科技春季招聘提前批-招聘简章及岗位详情,互联网科技企业
3,常州工学院2021-2022年人才招聘启事,社会企业
4,浙江大学杭州国际科创中心先进储能技术课题组2022年博士后招聘公告,互联网科技企业
5,武汉东湖学院马克思主义学院教师招聘,互联网科技企业
6,2021-2022零点有数校园招聘火热开启,互联网科技企业
7,广西师范大学2021年高层次人才招聘公告,社会企业
8,青岛鼎信通讯 2022 届秋季校园招聘,其他类型企业
9,“安装星 星未来” 中建三局安装工程有限公司（中建三局智慧事业部）2022校园招聘,工业科技企业
10,极米2022届春季校园招聘,互联网科技企业
11,电学专利代理人,人文知识企业
12,诚壹资本招聘投资助理,其他类型企业
13,深部岩土力学与地下工程国家重点实验室面向海内外诚聘博士后研究人员,互联网科技企业
14,长城软件2022校园招聘,工业科技企业
15,中信证券北京分公司2022年校园招聘火热进行中,金融企业
16,青春韶华 腾飞起航 | 中国华腾2022年度招聘正式启动,工业科技企业
17,推想-与AI同行 推想未来,医疗科技企业
18,西南医科大学2022年诚聘海内外英才,互联网科技企业
19,浙江新安化工集团股份有限公司2022届校园招聘,工业科技企业
20,中国天辰工程有限公司2022年校园招聘,工业科技企业
21,亚信科技招聘简章,互联网科技企业
22,招商证券股份有限公司北京朝阳公园路证券营业部【招聘】,金融企业
23,揽英才 金陵科技学院招才引智，诚邀您的加盟,互联网科技企业
24,麦捷科技2022年校园招聘简章,互联网科技企业
25,启明信息技术股份有限公司2022年校园招聘简章,互联网科技企业
26,清华大学天津高端装备研究院人才引进,互联网科技企业
27,你和我的距离只有一封简历的厚度,互联网科技企业
28,中证信息技术服务有限责任公司 2021年度招聘公告,互联网科技企业
29,中国科学技术大学先进技术研究院2021-2022年度招聘简章,互联网科技企业
30,阳光电源2022届全球校园招聘秋招补录,工业科技企业
31,中国卫通集团股份有限公司招聘,其他类型企业
32,西安电子科技大学空间科学与技术学院2021年教师岗位招聘启事,社会企业
33,中国热带农业科学院热带作物品种资源研究所2022年高层次及博士人才公开招聘公告,社会企业
34,中国供销集团2022年度应届高校毕业生招聘公告,其他类型企业
35,华夏久盈资产管理有限责任公司2022校园招聘,金融企业
36,中国搜索2022年校园招聘简章,互联网科技企业
37,深圳市大数据研究院科研人员招聘简章,研究机构
38,九江学院2022年人才招聘公告,社会企业
39,恒上咨询代宽带资本旗下云天使基金投资经理,专业技术服务企业
40,宁波工程学院2021年高层次人才（教师）招聘公告,互联网科技企业
41,长三角腹地-常州工学院2021年人才招聘启事,互联网科技企业
42,校园招聘,金融企业
43,中国海外工程有限责任公司2022届大学毕业生招聘公告,工业科技企业
44,正大集团2021-2022年度中央采购部校园招聘,其他类型企业
45,网络安全就业招聘,互联网科技企业
46,福建工程学院2022年师资招聘计划,互联网科技企业
47,湖北汽车工业学院 2021年面向社会专项公开招聘工作人员公告,互联网科技企业
48,职能管理类,其他类型企业
49,集团财务室工作人员,其他类型企业
50,北京上元信安技术有限公司招聘,互联网科技企业
51,江西服装学院2022年招聘启事,互联网科技企业
52,山东电力设备有限公司2022届高校毕业生招聘,工业科技企业
53,2022年校招岗位-金融公司,金融企业
54,广州华立学院2022年博士招聘启事,互联网科技企业
55,武汉市自然资源和规划信息中心2021-2022年应届毕业生和相关岗位社会人才招聘简章,互联网科技企业
56,厦门理工学院2021年公开招聘人才启事,互联网科技企业
57,浙江师范大学2021年专任教师招聘公告,社会企业
58,12月29日智联直播 | 500强企业远东控股集团（多专业）,金融企业
59,2022年北京城市学院招聘启事,教育单位类
60,芯征程,互联网科技企业
61,三环集团2022届秋季校园招聘火热进行中,其他类型企业
62,一汽解放汽车有限公司2022年秋季校园招聘启事,生活类企业
63,未来已来 只等你来 ——海南自由贸易港招才引智活动致广大学子的邀请函,社会企业
64,2022届校园招聘,工业科技企业
65,苏州恩巨网络有限公司,互联网科技企业
66,集团办公室工作人员,其他类型企业
67,集团后勤部工作人员,其他类型企业
68,2022中公教育校园招聘,其他类型企业
69,数码视讯科技集团2022届校园招聘,互联网科技企业
70,中国电子科技集团公司第五十研究所【2022届校招】,研究机构
71,中科院兰州化物所2022年人才招聘启事,研究机构
72,2022年中信证券股份有限公司北京分公司管培生校园招聘,金融企业
74,泰山学院2022年人才引进不限专业,社会企业
75,C&F School 阳光心霖儿童公社2022年校园招聘,教育单位类
76,北京工业大学先进电池材料与器件研究所（尉海军教授课题组）2021-2022年人才招聘,互联网科技企业
77,深圳雅学科技有限公司2021年招聘,互联网科技企业
78,宇通集团2022届管培生招聘简章,其他类型企业
79,雅培中国2022校园招聘,医疗科技企业
80,中国青旅集团有限公司2022年 校园招聘启事,其他类型企业
81,销售&技术管理培训生招聘,互联网科技企业
82,进出口招贤纳士,其他类型企业
83,山东建筑大学第五届“海右青年学者论坛”诚邀海内外英才相聚云端,互联网科技企业
84,唐山银行2022年校园招聘启事,金融企业
85,银联国际有限公司2022届校园招聘,其他类型企业
86,中关村发展集团 2022年校园招聘及博士后招聘公告,其他类型企业
87,电子科技大学先进毫米波技术集成攻关研究院招聘青年教师、博士后,互联网科技企业
88,天津大学“生物信息测量与生物制造实验室”诚聘英才,互联网科技企业
89,重庆能源职业学院招聘简章,互联网科技企业
90,2021下半年浙江农林大学专任教师岗位招聘公告,社会企业
91,广州航海学院 广州交通大学（筹）2021年招聘教授公告,社会企业
92,苏州｜常熟理工学院2021-2022年面向海内外诚聘英才,社会企业
93,北京航空航天大学虚拟现实技术与系统国家重点实验室2021年专职工程师招聘公告,互联网科技企业
94,商丘工学院2022年教师招聘,互联网科技企业
95,中国船舶第八研究院（扬州院区·原七二三所）诚聘人才公告,社会企业
96,不负韶华 共筑梦想-枣庄学院2021年人才招聘启事,社会企业
97,深圳市影子投资管理有限公司校园诚聘,金融企业
98,瀛通通讯股份有限公司2022届毕业生,其他类型企业
99,中企通信2022校园招聘,互联网科技企业
100,吉首大学张家界学院2022年专任教师招聘公告,教育单位类
101,2022年春季全国博士、博士后高级人才专场巡回签约洽谈会——中国科学院大学站,互联网科技企业
102,兵器装备集团财务有限责任公司 2022届校园招聘,工业科技企业
103,安徽理工大学2022年博士招聘,互联网科技企业
105,北京朗姿韩亚资产管理有限公司博士后科研工作站2022年度招聘简章,互联网科技企业
106,华夏人寿保险股份有限公司2022届校园招聘启事,金融企业
107,小米集团2022全球校园招聘-汽车专项,互联网科技企业
108,小黑盒2022年校招,互联网科技企业
109,紫光数码集团2022年度高校毕业生招聘,工业科技企业
110,福州大学博士后科研流动站2022年人才招聘计划,互联网科技企业
111,湖南省融资担保集团2022校园招聘,其他类型企业
112,新乡医学院2021年诚聘海内外高层次人才,互联网科技企业
113,宁夏大学煤炭高效利用与绿色化工国家重点实验室 学术带头人/青年研究骨干/博士后招聘,互联网科技企业
114,东北电力大学2021-2022年诚聘海内外人才,互联网科技企业
115,网易有道2022届秋季校园招聘火热进行ing,互联网科技企业
116,深圳市巨博华投资有限公司，期待与聪明勤奋、不甘平庸、正直守信的你，携手打造中国最优秀的量化交易团队,金融企业
117,中信证券北京分公司2022年校园招聘,金融企业
118,上海交通大学微纳工程科学重点实验室2021-2022年招聘简章,互联网科技企业
119,中山大学微电子科学与技术学院人才招聘,社会企业
120,2022年徐工机械建设机械分公司校园招聘,工业科技企业
121,北京司拓民航科技有限责任公司 2022年校园招聘简章,互联网科技企业
122,【金融科技·创变未来】中金公司信息技术部2022届应届生专项招聘,其他类型企业
123,首钢集团财务有限公司招聘,其他类型企业
124,2022中国电建集团青海省电力设计院有限公司电气师校园招聘,工业科技企业
125,北京市地铁运营有限公司技术创新研究院招聘,研究机构
126,【空中宣讲】多益网络2022校园招聘-补录专场,互联网科技企业
127,闽南科技学院2021-2022学年招聘启事,互联网科技企业
128,2022年应届生招聘,金融企业
129,【佳能医疗】研发岗：AI算法/C++开发,医疗科技企业
130,全球招聘！科学岛诚邀海内外人才加盟！,研究机构
131,远东控股集团2022校园招聘,金融企业
132,2021-2022年中车唐山机车车辆有限公司招聘启事,其他类型企业
133,行业第一，宇通集团2022年应届毕业生管培生招聘简章,互联网科技企业
134,中国发展研究基金会2022年招聘启事,互联网科技企业
136,南京理工大学基础前沿交叉中心教师招聘,教育单位类
137,慧策（北京掌上先机网络科技有限公司）2022校园招聘,互联网科技企业
138,广西师范大学2021年人才招聘公告,社会企业
139,桂林理工大学2021年诚聘海内外人才,社会企业
140,中企伍佰信息技术研究院招聘院长助理,研究机构
141,耀未来，乘青春——耀乘健康2022校园招聘,互联网科技企业
142,上海天数智芯半导体有限公司2022校园招聘文稿,工业科技企业
143,ASM先进科技2022校园招聘补录,互联网科技企业
144,陕西科技大学2022年博士后研究人员招收公告,社会企业
145,石家庄医学高等专科学校2022年教师招聘,互联网科技企业
146,广东电网有限责任公司2022年博士后人员招聘启事,社会企业
147,中国电子科技集团公司第十一研究所招聘,研究机构
148,诺唯赞2022全球校园招聘—博士人才招聘计划正式启动,互联网科技企业
149,北京大兴国际机场航空食品有限公司 2022年校园招聘,生活类企业
150,上海中广核工程科技有限公司2022校园招聘,工业科技企业
151,三环集团2022届秋季校园招聘,其他类型企业
152,客户经理,工业科技企业
153,北京宏天信业信息技术股份有限公司 -- 应届毕业生招聘,互联网科技企业
154,广州虹科电子2022秋季校园招聘（全国）,互联网科技企业
155,大连人才服务中心 “学子来连、业成滨城”2021-2022 空中双选会邀请函,教育单位类
156,包头市文化旅游广电局2021年直属单位人才引进公告,人文知识企业
157,海纳天下才，智汇石家庄——第一届石家庄“海石杯”高层次人才创新创业大赛,其他类型企业
158,中信证券北京分公司培训生,金融企业
159,九江学院2022年诚聘海内外人才,互联网科技企业
160,谷斗科技招聘简章,互联网科技企业
162,中国石化大连石油化工研究院全球招聘人才公告,互联网科技企业
163,山东电力设备有限公司2022届毕业生招聘,工业科技企业
164,重庆邮电大学高层次人才招聘,教育单位类
165,商业航天明星企业【零壹空间】校招答疑会来啦！！,互联网科技企业
166,物美科技集团简介,其他类型企业
167,江西应用技术职业学院2021年下半年公开招聘高层次人才,互联网科技企业
168,曲靖师范学院2021年公开招聘事业编制高层次人才,互联网科技企业
169,中国农业银行研发中心2022年秋季校园招聘,金融企业
170,上海人工智能实验室招聘公告,互联网科技企业
171,超星集团秋季校园招聘,其他类型企业
172,高和资本2022届新生力校园招聘,金融企业
173,慧策（北京掌上先机网络科技有限公司）2022秋季校园招聘,互联网科技企业
174,给你舞台，让你精彩-同达信恒面向理工科招聘,人文知识企业
175,中国石化上海石油化工研究院2021-2022年度人才招聘,互联网科技企业
176,放手而为，成就精彩，英特尔中国2022校园招聘研发岗补招进行中！,其他类型企业
177,2022年中国安全防伪证件研制中心,教育单位类
178,北京龙双利达知识产权代理有限公司招聘简章 （工作地点：北京、西安、南京）,人文知识企业
179,百年西建大 引才进行时-西安建筑科技大学2021年教师（师资博士后）招聘公告,社会企业
180,初中各学科教师,教育单位类
182,高中各学科骨干教师,教育单位类
183,炬光科技2022校园招聘简章,互联网科技企业
184,你与我的距离 只有一封简历的厚度,互联网科技企业
185,攀枝花学院2021年第五批直接考核招聘高层次人才公告,互联网科技企业
186,燕山大学2021-2022年诚聘海内外优秀人才,社会企业
187,新加坡国立大学重庆研究院招聘及博士生招生简章,研究机构
188,广西电力职业技术学院2021年博士人才专项招聘公告,互联网科技企业
189,中国工程物理研究院 研究生院诚聘英才,互联网科技企业
190,中信证券北京分公司管培生 18个月培训期,金融企业
191,南方科技大学计算机科学与工程系2022年实验教学人员招聘启事,互联网科技企业
192,卧龙采埃孚汽车电机有限公司 2022届招聘启事,工业科技企业
194,网易有道2022届秋季校园招聘,互联网科技企业
195,江苏科技大学2021年诚聘海内外优秀人才,互联网科技企业
196,四川轻化工大学2022年人才引进政策,教育单位类
197,北京宏达一甲教育科技有限公司2022招聘季,互联网科技企业
198,科讯嘉联 2022 届校园招聘简章,互联网科技企业
199,小米集团2022全球校园招聘-热招岗位,互联网科技企业
200,自如集团2022管培生招聘,专业技术服务企业
201,引才新政 待遇优厚-广西科技大学2021-2022年面向海内外诚聘优秀人才,互联网科技企业
202,兰州化物所2022年人才招聘启事,互联网科技企业
203,2022中国电建集团青海省电力设计院有限公司校园招聘,工业科技企业
204,“梦想靠岸”招商银行佛山分行2022校园招聘启事（冬季场）,金融企业
205,加入航天，为国防做贡献,互联网科技企业
206,首钢集团有限公司技术研究院,其他类型企业
208,长三角核心区-嘉兴学院2021-2022年度人才引进招聘公告,互联网科技企业
209,2022年国防科技大学电子科学学院面向海内外诚聘博士人才,互联网科技企业
210,揽英才! 金陵科技学院招才引智诚邀您的加盟,社会企业
211,厦门松霖2022届校园招聘简章,互联网科技企业
213,北京司拓民航科技有限责任公司2022年校园招聘简章,互联网科技企业
214,商丘工学院2021年教师招聘,互联网科技企业
215,小屯派科技2022年校园招聘,互联网科技企业
216,【甘肃国企】金川集团面向北京邮电大学秋季招聘信息,其他类型企业
217,广东省农村信用社联合社 2022届秋季校园招聘补录公告,其他类型企业
218,2022校招中信证券北京分公司管培生,金融企业
219,南京理工大学智能制造学院教师招聘,教育单位类
221,方田教育2022年校园招聘,互联网科技企业
222,慧原生，聚清春 ——慧清科技2022校园招聘简章,互联网科技企业
223,TOP TOY TMC 2022届校园招聘,互联网科技企业
224,中金创新（深圳）资产管理有限公司2021年招聘,金融企业
225,代宽带资本招聘投资经理,专业技术服务企业
227,前端开发工程师,其他类型企业
228,中讯邮电咨询设计院有限公司郑州分公司,工业科技企业
229,【校招】中信证券北京分公司管培生,金融企业
230,校招管培生,金融企业
231,2022年校园招聘,互联网科技企业
232,北京师范大学认知神经科学与学习国家重点实验室2021年聘用制人员招聘启事,互联网科技企业
234,中国人民公安大学2022年度统一公开招录人民警察预公告,教育单位类
235,董事会秘书,其他类型企业
236,厦门立林科技有限公司2022年校园招聘,互联网科技企业
237,海军航空大学2022年面向社会公开招考文职人员,社会企业
238,重磅来袭！2022年海军潜艇学院人才引进公告,社会企业
239,山东英科医疗2022届校园招聘简章,医疗科技企业
240,上商控股集团有限公司校园招聘,金融企业
241,【游戏奋斗者】多益网络2022校园招聘补录！,互联网科技企业
242,四川省环境政策研究与规划院公开招聘非在编人员公告,其他类型企业
243,广东湛江海洋医药研究院2021年招聘博士后研究人员启事,研究机构
244,华展鑫荣公司招聘学生就业,其他类型企业
245,中联重科（工业互联网板块）2022届校园招聘简章,互联网科技企业
246,龙盈智达（北京）科技有限公司,互联网科技企业
247,中信证券北京分公司管培生-校招,金融企业
248,中科星图—星图气象2022-2023年校园招聘计划,其他类型企业
249,软件研发工程师（高性能计算）,互联网科技企业
250,让世界看到你的影响力——航天宏图·校园招聘,工业科技企业
251,香港中文大学（深圳）诚聘海内外优秀人才,教育单位类
252,51WORLD-2022届校园招聘简章,互联网科技企业
253,物产中大国际贸易集团2022届校园招聘简章,其他类型企业
254,年轻 未来可期 ——浙江省农信联社2022年校园招聘公告,其他类型企业
255,权威发布！火箭军工程大学2022年面向社会公开招考文职人员岗位计划,社会企业
256,人才招聘,教育单位类
257,专利工程师/专利代理师,生活类企业
258,沈阳兴华航空电器有限责任公司,工业科技企业
259,【游戏奋斗者】多益网络2022校园招聘补录,互联网科技企业
260,北京市硕博高层次人才洽谈会---工业和信息化部人才交流中心,工业科技企业
261,由你定E新世界”，面向全球2022届校园人才 2022卡奥斯未来合伙人全面启动！,互联网科技企业
262,2021年-2022年度远洋数据校园招聘,互联网科技企业
263,软件研发工程师（系统）,互联网科技企业
264,兴华会计师事务所2022秋季校园招聘,生活类企业
265,诚揽天下英才 聚力强军伟业-海军航空大学2022年面向社会公开招考文职人员,互联网科技企业
266,2022中公教育业务岗位招聘,其他类型企业
267,校招,互联网科技企业
268,在浙里 职面未来-浙江建设职业技术学院2021年人才招聘公告,互联网科技企业
269,权威发布！火箭军工程大学2022年面向社会公开招考文职人员,互联网科技企业
270,2022年海军潜艇学院人才引进重磅来袭,互联网科技企业
271,“权威发布”国防科技大学2022年公开招考文职人员计划,互联网科技企业
272,权威发布！国防科技大学2022年文职人员招考公告,社会企业
273,湖北文理学院人才招聘,教育单位类
274,厦门大学嘉庚学院2021-2022学年人才招聘启事,教育单位类
275,创新之路、智慧领航 卡斯柯信号有限公司2022年度校园招聘,互联网科技企业
276,日立电梯2022“未来之梯，与你同立”校园招聘,其他类型企业
277,埃特曼（北京）半导体技术有限公司招聘,工业科技企业
278,北京晨晶电子有限公司 【高新技术国企】北京晨晶电子2022校招盛大启动,互联网科技企业
279,【全职】【算法工程师】,互联网科技企业
280,招聘新媒体编辑/美编设计/授课讲师,人文知识企业
281,建攀登计划 创世界一流-首都师范大学2021-2022年博士后科研 人员招收公告,互联网科技企业
282,浙江建设职业技术学院2021年人才引进计划,互联网科技企业
283,商丘工学院2021-2022学年教师招聘,互联网科技企业
284,深圳综合粒子设施研究院校园招聘公告,教育单位类
285,苏州系统医学研究所2021-2022年招聘,研究机构
287,中国科学院长春应用化学研究所2021年度招聘启事,研究机构
289,北京爱帮智汇科技有限公司2022年度校园招聘公告,互联网科技企业
290,网龙网络公司2022届秋季校园招聘简章,互联网科技企业
291,易航智能—供应链管理专员,互联网科技企业
292,网易有道秋招补招-火热进行ing（免笔试！）,互联网科技企业
293,网罗英才 智创未来 罗克韦尔自动化大连软件研发中心2022秋季校园招聘简章,互联网科技企业
294,诚邀海内外优秀青年人才参加河南大学第五届国际青年学者（博士后）论坛,互联网科技企业
295,助理研究员,研究机构
296,广州虹科电子科技2022秋季校园招聘（全国）,互联网科技企业
297,科技兴邦 强军报国-国防科技大学第六十三研究所2021-2022年文职、博士后招收,互联网科技企业
298,巢湖学院博士人才引进公告（待遇优渥） （安徽·合肥）,教育单位类
299,中国移动总部网络事业部“金种子计划” 专项校园招聘,其他类型企业
300,中国邮政集团有限公司山西省分公司 2022年度校园招聘公告,其他类型企业
301,西安电子科技大学期刊中心2021年外聘人员一般岗位招聘公告,互联网科技企业
302,浙江大学化学系、浙大杭州国际科创中心郭庆辉课题组2021年诚招博士后,互联网科技企业
303,2022年江苏省泰州市选聘党政青年人才简章,其他类型企业
304,中国联合工程有限公司2022届校园招聘,工业科技企业
305,景贤礼士 WE梦相聚 ——北京市石景山区“走进高校引才计划” 宣讲招聘公告,互联网科技企业
306,赓续百年初心 担当育人使命-大庆师范学院2021年下半年公开招聘教师公告,教育单位类
307,2022届阿丘科技校园招聘,互联网科技企业
308,开源证券【北交所业务专场】2022届校园招聘,金融企业
309,中信证券校招管培生-北京分公司,金融企业
310,北京伏尔特技术有限公司2022校园招聘,互联网科技企业
311,合肥安晶龙电子股份有限公司2022届校园招聘,互联网科技企业
312,"吴奇院士团队招聘博士后公告（分子生物学, 高分子，化学工程和食品专业）",教育单位类
313,朝晖股份 2022 校园招聘简章,互联网科技企业
314,北京爱万提斯科技有限公司2022年校园招聘,互联网科技企业
315,厦门雅迅网络股份有限公司2022届校园招聘简章,互联网科技企业
316,中国铁路物资集团有限公司 2022校园招聘简章,其他类型企业
317, 中联重科2022届校园招聘简章,其他类型企业
318, 中联重科（工业互联网板块）2022届校园招聘简章,其他类型企业
319,河北省农村信用社 2021年员工招聘简章,其他类型企业
320,2022慧策（北京掌上先机网络科技有限公司）校园招聘,互联网科技企业
321,和芯星通科技（北京）有限公司人才引进,互联网科技企业
323,通讯科技公司诚招项目管理/商务助理,互联网科技企业
324,全国中小企业股份转让系统有限责任公司 2021年下半年招聘公告,工业科技企业
325,空军工程人才引进公告,工业科技企业
326,本邦科技 22届应届毕业生校招项目,互联网科技企业
327,远洋集团2022届校园招聘,金融企业
328,2022届赛尔网络有限公司校园招聘简章,互联网科技企业
330,教师（博士）,教育单位类
331,教师（硕士）,教育单位类
332,东华大学民用航空复合材料协同创新中心2021年招聘启事,互联网科技企业
333,宁波国君源泓投资管理有限公司是在中国基金业协会备案的私募股权基金管理人，招聘网络信息安全投资经理和研究员,金融企业
334,中国电子科技集团公司第十一研究所,研究机构
335,广芯电子技术(上海)股份有限公司校招信息,互联网科技企业
336,宁波国君源泓投资管理有限公司是在中国基金业协会备案的私募股权基金管理人，网络信息安全行业研究员和投资经理招聘,金融企业
338,鼎道智联2022届校园招聘简章,互联网科技企业
339,北京巴别时代科技有限公司-巴别时代2022校招,互联网科技企业
340,锐方（上海）私募基金管理有限公司招聘,金融企业
341,哈药集团股份有限公司,医疗科技企业
342,商业航天明星企业【零壹空间】空中宣讲来啦！！,互联网科技企业
343,天津雀巢有限公司,其他类型企业
344,北京市联德律师事务所校招,生活类企业
345,西安工业大学新能源科学与技术研究院2021招聘简章,互联网科技企业
346,深圳大学广东省海洋藻类开发与应用工程重点实验室博士后招聘,互联网科技企业
347,北京大学化学与分子工程学院纳米结构功能材料课题组招聘优秀人才,互联网科技企业
348,闽江学院2021下半年度高层次人才招聘公告,教育单位类
349,台州学院高等研究院—智能信息处理研究所招聘启事,教育单位类
350,青岛海信微联信号有限公司2022届校园招聘,互联网科技企业
351,九江学院2021年高层次人才招聘公告,互联网科技企业
352,武汉东湖学院高层次（高学历）人才招聘公告,互联网科技企业
353,中国科学院天津工业生物技术研究所体外合成生物学中心游淳课题组招聘启事,互联网科技企业
354,中国科学院微电子研究所低功耗智能芯片与系统团队招聘,教育单位类
355,嘉应学院2021-2022年人才招聘启事,教育单位类
356,重庆邮电大学2021-2022年招聘启事,互联网科技企业
357,台州学院高等研究院——智能信息处理研究所招聘启事,互联网科技企业
358,广东省电信规划设计院有限公司北京分院2022校园招聘,工业科技企业
359,工业和信息化部网络安全产业发展中心（工业和信息化部信息中心）,工业科技企业
360,宽带资本,专业技术服务企业
361,2022南京理工大学江阴校区教师招聘,教育单位类
362,虹科电子,互联网科技企业
363,北方自动控制技术研究所2021年招聘启事,互联网科技企业
364,超星集团2021秋季校园招聘（全国）,其他类型企业
365,广芯电子技术（上海）股份有限公司,互联网科技企业
366,重庆川仪控制系统有限公司上海分公司,工业科技企业
367,国家计算机网络应急技术处理协调中心安徽分中心2022年度公开招聘公告,互联网科技企业
368,中国农业银行博士后科研工作站2022年度招收博士后研究人员公告,互联网科技企业
369,山东省科学院海洋仪器仪表研究所齐鲁工业大学（山东省科学院）海洋技术科学学院招聘,互联网科技企业
370,丽水学院2021年下半年人才招聘启事,互联网科技企业
371,南京信息工程大学高端光电仪器及激光技术团队诚招青年教师和师资博后,互联网科技企业
372,清华大学材料课题组招聘热电/热障/结构陶瓷博士后,互联网科技企业
373,杭州谱育科技发展有限公司-开发类岗位,互联网科技企业
375,重庆海联职业技术学院2021年高层次人才引进,互联网科技企业
376,九江学院2022年高层次人才招聘  ,互联网科技企业
377,中国电器科学研究院股份有限公司,研究机构
378,重庆文理学院面向海内外公开招聘二级学院院长公告,互联网科技企业
379,北京航空航天大学云南创新研究院,研究机构
380,远东控股集团有限公司,金融企业
382,锐方（上海）私募基金管理有限公司,金融企业
383,上海烟草机械有限责任公司高层次人才招聘简章,互联网科技企业
384,北京市正泽学校2021年教师招聘公告,互联网科技企业
385,香港科技大学工学院理学硕士（MSc）综合场线上招生宣讲会,人文知识企业
386,天正地产集团有限公司,其他类型企业
387,中国电建集团青海省电力设计院有限公司,工业科技企业
388,南京理工大学新能源学院教师招聘,教育单位类
389,中铁投资集团有限公司,金融企业
390,厦门工学院2021-2022年教师招聘启事,互联网科技企业
392,浙江大学王绪化团队招聘博士后和科研助理,教育单位类
393,中国科学院长春应用化学研究所,研究机构
394,东北农业大学2021年下半年人才公开招聘公告,互联网科技企业
395,南京工业大学电控学院分论坛诚邀海内外英才参加,互联网科技企业
396,中国船舶工业系统工程研究院,研究机构
397,深圳九算优化科技有限公司,互联网科技企业
398,红谷集群科技有限公司,互联网科技企业
400,北京胜信网络科技有限公司,互联网科技企业
402,梦想启航 “职”通未来-内蒙古大学2021-2022年高薪诚聘海内外人才,互联网科技企业
403,广聚英才 共谋发展 南京工业职业技术大学2021年下半年海内外优秀人才招聘公告,互联网科技企业
404,中电国营第七二二厂秋季招聘公告,其他类型企业
405,筑巢引才 振兴三晋-晋中学院2021年人才引进公告,互联网科技企业
406,新拓尼克（北京）科技研发中心有限公司,互联网科技企业
407,中车株洲电力机车研究所有限公司 2022届校园招聘公告,研究机构
408,河北工大科雅能源科技股份有限公司,高新技术企业
409,电子工业出版社有限公司,工业科技企业
410,山东电力设备有限公司,工业科技企业
411,攀枝花学院2021年高层次人才招聘简章,互联网科技企业
412,东软集团,其他类型企业
413,邯郸制药股份有限公司,医疗科技企业
414,西比爱斯汽车技术（上海）有限公司,互联网科技企业
415,嘉实基金2022校园招聘,金融企业
416,中资网络信息安全科技有限公司2022校招持续中【地点：北京】,互联网科技企业
417,南京理工大学网络空间安全学院教师招聘,教育单位类
419,荷兰帕沃英蒂格盛有限公司深圳代表处,其他类型企业
420,广东省特种设备检测研究院珠海检测院2022年招聘公告,互联网科技企业
421,清华大学张晨团队2021年诚聘数据科学方向优秀博士后和科研助理,互联网科技企业
422,浙江中控技术股份有限公司,互联网科技企业
423,光大科技有限公司秋季招聘,互联网科技企业
424,长城物业集团股份有限公司北京物业管理分公司,专业技术服务企业
425,西华大学2021年人才招聘公告,互联网科技企业
426,中国科学院海西研究院厦门稀土材料研究中心2021-2022年科研人才招聘启事,互联网科技企业
427,南孔圣地-衢州有礼-事业编制-衢州学院2021年下半年人才招聘公告-评聘高级职称名额充足-解决子女入学,互联网科技企业
428,深圳小库科技有限公司,互联网科技企业
434,深圳大学智能物联网中心杨亚涛特聘教授团队2021年博士后招聘公告,互联网科技企业
435,政府咨询项目助理,专业技术服务企业
436,商业火箭技术公司【零壹空间】邀您来撩！,互联网科技企业
437,奋斗百年路 启航新征程-山东理工大学2021年诚聘海内外高层次人才,互联网科技企业
438,中国联通哈尔滨软件研究院,研究机构
439,上海视觉艺术学院2021-2022学年招聘启事,互联网科技企业
440,北京塔基资产管理有限公司,金融企业
441,2022中公教育校园招聘-公考讲师,其他类型企业
442,阳光人寿保险股份有限公司,金融企业
443,铁力山（北京）控制技术有限公司,互联网科技企业
444,江西软件职业技术大学2021年行政管理及辅导员招聘公告,互联网科技企业
445,江西软件职业技术大学2021年专任教师招聘公告,互联网科技企业
446,长治学院2021年公开招聘博士研究生公告,互联网科技企业
447,以工报国 未来可期-厦门工学院2021年博士人才引进计划,互联网科技企业
448,北京华宇信息技术有限公司博士后招聘&培养公告,社会企业
449,南京工业大学-电控学院分论坛诚邀海内外英才参加,教育单位类
450,西南医科大学2021年诚聘海内外英才,互联网科技企业
452,岭南现代农业科学与技术广东省实验室高端人才、拔尖人才招聘公告,互联网科技企业
453,厦门工学院2021-2022学年高层次人才（博士）引进计划,互联网科技企业
454,南亚热带作物研究所湛江站实验站2021年第六批博士研究生人员公开招聘公告,互联网科技企业
456,中科南京智能技术研究院招聘简章,互联网科技企业
457,材料科学姑苏实验室博士后招聘公告,互联网科技企业
459,星际防务2022年校园招聘,互联网科技企业
460,加入我们！“船”承理想 强军报国-中国船舶第八研究院（南京）2022届校园招聘,互联网科技企业
461,广州金升阳科技有限公司2022&2023届秋季校园招聘,互联网科技企业
462,湖南拓维信息系统股份有限公司,工业科技企业
463,重庆零壹空间科技集团有限公司,互联网科技企业
464,闽南师范大学2021年招聘公告,互联网科技企业
465,2021年南京工业大学高层次人才招聘,互联网科技企业
466,南京工业大学马克思主义学院诚聘高层次人才,互联网科技企业
468,福建工程学院马克思主义学院教学科研人员招聘启事,教育单位类
470,2022年国防科大电子科学学院公开招聘军队文职、博士后,互联网科技企业
471,桂林信息科技学院（原桂林电子科技大学信息科技学院）2021年专任教师招聘公告,互联网科技企业
472,中山大学微电子科学与技术学院2021年人才招聘公告,互联网科技企业
473,清华大学出版社有限公司,教育单位类
474,中山大学生物医学工程学院2021年诚聘英才,互联网科技企业
480,中国重型汽车集团有限公司,生活类企业
481,南开大学化学学院陈军院士团队招收博士后和研发工程师,互联网科技企业
482,上海司南卫星导航技术股份有限公司,互联网科技企业
483,医世界 渡未来——2022医渡科技校园招聘正式启动,医疗科技企业
484,中国科学院计算技术研究所2021年秋冬季博士人才视频双选会,互联网科技企业
486,铸魂育人 职等你来-2021常州大学诚邀海内外人才共谋发展,社会企业
487,溪牛投资管理（北京）有限公司,金融企业
488,北京市经济与社会发展研究所,研究机构
489,深圳市赛元微电子有限公司,互联网科技企业
491,嘉庚创新实验室2021年博士后招聘公告,互联网科技企业
492,来浙，必有我师-浙江师范大学2021年专任教师招聘公告,社会企业
493,最高待遇120万，有编制，福利好！湖北汽车工业学院2021年秋冬季博士人才视频双选会,互联网科技企业
494,珠海格力电器股份有限公司,工业科技企业
496,2022中公教育校园招聘-教招讲师,其他类型企业
497,河北农业大学2021年选聘博士公告,互联网科技企业
499,中国人民银行数字货币研究所,研究机构
500,2022天阳科技校园招聘 锐阳计划 招聘简章,互联网科技企业
501,浙江新课堂教育股份有限公司,其他类型企业
502,北京未磁科技有限公司,互联网科技企业
504,2022年度赴港攻读硕士,其他类型企业
505,必创科技2022秋季校园招聘,互联网科技企业
506,第一创业证券2022届校园招聘,金融企业
507,泰康保险集团股份有限公司,金融企业
508,IT 二线应用支持,金融企业
509,嘉兴学院2021年度人才引进招聘公告,互联网科技企业
510,姿美堂2022招聘简章,其他类型企业
511,香港科技大学22fall数据建模硕士学位项目线下招生宣讲会,人文知识企业
512,逐梦一流 看浙里-宁波大学2021-2022年度公开招聘人才公告,互联网科技企业
513,厦门工学院2021年教师招聘启事,互联网科技企业
517,台州学院高等研究院大数据智能医疗研究所2021-2022年招聘启事,互联网科技企业
520,广东机电职业技术学院、广东省博士工作站2021年博士研究生招聘公告,教育单位类
523,山东省科学院海洋仪器仪表研究所2021-2022年招聘,互联网科技企业
527,天津南大通用数据技术股份有限公司,互联网科技企业
528,清华大学出版社2022校园招聘,教育单位类
530,战略支援部队信息工程大学洛阳校区2022年文职人员招聘、博士后招收简章,互联网科技企业
532,南通大学电气工程学院2021年诚聘海内外英才,互联网科技企业
533,中国科学院国家空间科学中心2022年应届生招聘启事,教育单位类
534,太初（无锡）电子科技有限公司2022校园招聘,互联网科技企业
535,应急管理部上海消防研究所 2022年招聘,互联网科技企业
536,引才正当时 共筑西华梦-西华大学2021年人才招聘公告,互联网科技企业
537,国金基金2022校园招聘,金融企业
538,携手师大 筑梦未来-江苏师范大学2021年人才引进政策及计划,社会企业
539,北京未尔锐创科技有限公司2022届校园招聘,互联网科技企业
540,遇“鉴”得物，预见未来！得物App2022校园招聘,互联网科技企业
541,乐道济世 砥砺前行-潍坊医学院2021年诚聘海内外优秀博士,互联网科技企业
542,2022中国安全防伪证件研制中心校园招聘简章,教育单位类
543,香港科技大学工学院研究生项目招生宣讲会,人文知识企业
544,闽南师范大学2021年诚纳英才,互联网科技企业
549,启明信息技术股份有限公司,互联网科技企业
550,北银金融科技有限责任公司,互联网科技企业
552,广西科技大学,互联网科技企业
553,【政府咨询项目助理】北京菁正咨询有限公司,专业技术服务企业
557,2022中公教育校园招聘-考研讲师,其他类型企业
558,中国科学院赣江创新研究院2021年优秀博士招聘启事,互联网科技企业
559,哈尔滨工业大学人工智能研究院有限公司,研究机构
567,材料科学姑苏实验室2021年高层次人才招聘启事,教育单位类
568,桂在珍惜 工候你来-桂林理工大学2021年诚邀优秀人才加盟,互联网科技企业
569,北京华龙通科技有限公司,互联网科技企业
570,嘉入我们 庚进一步-厦门大学嘉庚学院2021-2022学年人才招聘启事,互联网科技企业
571,央企华侨城集团公司2022校园招聘,其他类型企业
572,中国科学院武汉岩土力学研究所科研岗位和特别研究助理（含博士后）招聘简章【长期有效】,互联网科技企业
573,金川集团股份有限公司,其他类型企业
574,中国广电广州网络股份有限公司（原珠江数码）,互联网科技企业
575,浙江大学核医学创新研究中心招聘博士后,社会企业
576,中车信息技术有限公司,互联网科技企业
577,北京未尔锐创科技有限公司,互联网科技企业
578,安捷中科（北京）数据科技有限公司,互联网科技企业
579,中科本原科技（北京）有限公司,互联网科技企业
580,中国广电广州网络股份有限公司,互联网科技企业
581,智能驾驶激光雷达领军企业—深圳市速腾聚创科技有限公司 2022校园招聘宣讲会（北京站）,互联网科技企业
583,管理咨询顾问-北京、西安、深圳,专业技术服务企业
586,图灵深视（北京）科技有限公司,互联网科技企业
587,中信证券股份有限公司杭州凤起路证券营业部,金融企业
588,ASM先进科技（中国）有限公司2022校园招聘（成都）,互联网科技企业
589,中国技术进出口集团有限公司,互联网科技企业
591,中国石化上海石油化工研究院2021年人才招聘,互联网科技企业
592,携程计算机技术（上海）有限公司,互联网科技企业
593,成都思科瑞微电子股份有限公司,互联网科技企业
594,西安电子科技大学杭州研究院2021年全球招聘引才公告,互联网科技企业
595,广东省工业设备安装有限公司,工业科技企业
597,东南数字经济发展研究院,研究机构
598,中国科学院软件研究所中国科学院软件研究所2022年度校园招聘简章,研究机构
599,北京市地铁运营有限公司,其他类型企业
600,北京五一视界数字孪生科技股份有限公司,互联网科技企业
601,中交信息技术国家工程实验室有限公司,研究机构
602,北京流马锐驰科技有限公司,互联网科技企业
603,北京大学长三角光电科学研究院招聘启事,互联网科技企业
604,辽宁交投艾特斯智能交通技术有限公司,互联网科技企业
605,广东省新一代通信与网络创新研究院2022届毕业生招聘,研究机构
606,北京机械工业自动化研究所有限公司,研究机构
607,中国科学院武汉岩土力学研究所,研究机构
608,英国豪迈国际有限公司上海代表处,其他类型企业
609,中资网络信息安全科技有限公司2022校招正式启动！,互联网科技企业
611,北京知本创业管理咨询有限公司,专业技术服务企业
612,中国网安（含中国电科三十所）2022届校园招聘,研究机构
613,北京晟芯网络科技有限公司,互联网科技企业
616,重庆邮电大学2021-2022年招聘,互联网科技企业
620,苏州大学未来校区人才招聘公告,社会企业
623,苏州系统医学研究所高层次人才招聘公告,互联网科技企业
624,广东医科大学2021年人才招聘公告,教育单位类
625,光大科技有限公司,互联网科技企业
626,广东科学技术职业学院2021年高层次人才招聘公告,互联网科技企业
627,上海人工智能创新中心,教育单位类
629,新瑞鹏宠物医疗集团有限公司,医疗科技企业
630,中国科学院上海巴斯德研究所2021年度招聘启事,社会企业
632,南京理工大学教师招聘,教育单位类
633,CNH集团--晨皓知识产权 2022届校园招聘简章,人文知识企业
634,蓝诺微银（北京）信息技术有限公司,互联网科技企业
635,中国人民解放军第五七二〇工厂2022年校园招聘,工业科技企业
636,中国科学院国家空间科学中心,教育单位类
637,中国科学院国家空间科学中心2022年特别研究助理招聘启事,教育单位类
0,定向选调/集中选调,政府企业
1,弹道设计工程师/姿控设计工程师/气动设计工程师/导航设计工程师/仿真设计工程师/结构设计工程师/机电设计工程师度分析工程师/web前端工程师/JAVA开发工程师/应用软件开发工程师/FPGA工程师/嵌入式软件开发工程师/硬件设计工程师/射频、天线工程师/电气系统工程师/惯性导航工程师/固体火箭发动机设计工程师/固体火箭发动机工艺工程师/质量专员/产品保障专员/市场专员/新媒体运营专员/人事行政专员/法务专员/财务专员等,互联网科技企业
2,软硬件工程师/光学类工程师/质量类工程师,互联网科技企业
3,经营合约部实习生/安全环保部实习生/综合部实习生,其他类型企业
4,研发序列/营销序列/技术序列,工业科技企业
5,管培生,金融企业
6,深圳证券交易所及其下属单位2021年度信息技术专业人员招聘启事,金融企业
8,算法岗（控制）/C++开发岗/嵌入式开发岗/Unity3D开发岗/后端开发岗/硬件开发岗/硬件测试岗/电气设计岗/船舶设计岗/轮机设计岗/机械机构设计岗/数字硬件开发岗/射频硬件开发岗/协议栈软件开发岗/项目管理岗/质量管理岗/报销文员岗/管培生/营销管培生/营销管培生/解决方案助理工程师/工程服务助理工程师,互联网科技企业
9,Java工程师/前端工程师/FPGA工程师/射频工程师/硬件工程师/通信算法工程师/嵌入式软件工程师/产品专员/人力资源专员/采购专员/质量专员/项目专员,工业科技企业
10,软件开发工程师,研究机构
11,嵌入式软件开发工程师/信号算法工程师/控制算法工程师/机械工程师/硬件工程师/系统工程师/气路工程师/软件测试工程师/售前支持工程师（国内/国际）/国际市场专员/用户服务工程师（国内/国际）/技术支持工程师,医疗科技企业
12,量化研究员/行业研究员/高级开发,金融企业
13,产品测试岗/架构设计岗/大数据分析岗/程序开发岗,互联网科技企业
14,Super X 探路者计划/业务需求分析师/用户体验设计师/软件开发工程师/软件质量工程师/云开发工程师/数据开发工程师,互联网科技企业
15,飞行仿真软件工程师/C++工程师/航空技术工程师/软件开发实习生/航电仿真软件工程师,互联网科技企业
16,java研发工程师/前端研发工程师/平台架构研发工程师/区块链研发工程师/数据分析师,其他类型企业
17,销售工程师/区域销售/销售代表,互联网科技企业
18,财务专员/审计专员/公共事务专员/总裁助理,工业科技企业
19,研发/技术/质量工程师,工业科技企业
20,研究员/高级研究员,研究机构
21,初级爬虫工程师/Java初级工程师/UI设计师/初级测试工程师/大数据平台工程师/初级前端工程师,医疗科技企业
22,电力电子软件工程师/嵌入式软件工程师/电力电子硬件工程师/算法工程师/结构设计工程师/热设计工程师/器件工程师/电芯研发工程师/软件测试工程师/失效分析工程师/PQA工程师/QA工程师/工艺工程师/生产计划专员/信息管理专员/信息化工程师/合同交付专员/标准与认证专员/资料开发工程师/商务专员/渠道专员/解决方案工程师/服务支持工程师/客户服务工程师,工业科技企业
23,阳光电源首届冬令营招募啦,工业科技企业
24,射频工程师/质量工程师/工艺工程师/FPGA工程师,互联网科技企业
25,机械类/电气类/计算机类/电子信息类/管理类,生活类企业
26,“海螺英才”计划/能源管理类/能源管理类/计算机及信息化类/电气自动化类/管理类/法学类,其他类型企业
27,人力资源管培生/财务管理管培生/法务管培生/行业分析管培生/智研院管培生,互联网科技企业
28,车辆/机械/计算电子类/电气类/材料/化学/数学/物流管理/市场营销/会计/工商管理/新闻,生活类企业
29,多企业多岗位,社会企业
30,研发（前端开发）/研发（JAVA开发）/产品类/设计类/信息安全类,工业科技企业
31,智能网联类/新能源研发类/设计研发类/工艺质量类/IT互联网类/营销品牌类/专业管理类,生活类企业
32,电力交易分析师,高新技术企业
33,IT类/造型设计类/ 研发类/规划类/生产管理类/质保类/职能类/营销类/项目管理类/采购类,生活类企业
34,弹道设计工程师/姿控设计工程师/气动设计工程师/导航设计工程师/仿真设计工程师/结构设计工程师/机电设计工程师/强度分析工程师/web前端工程师/JAVA开发工程师/应用软件开发工程师/FPGA工程师/嵌入式软件开发工程师/硬件设计工程师/射频、天线工程师/电气系统工程师/惯性导航工程师/固体火箭发动机设计工程师/固体火箭发动机工艺工程师/质量专员/产品保障专员/市场专员/新媒体运营专员/人事行政专员/法务专员/财务专员等,互联网科技企业
35,研究科学家/开发工程师/软件工程师/硬件工程师/数据清洗工程师/数据工程师,研究机构
36,技术/销售工程师,互联网科技企业
37,技术岗或营销技术支持岗/技术岗/电气工程/电力系统与智能控制（自动化)/其他变压器强相关专业,工业科技企业
38,产品研发/工艺质量管理/设备管理/安全环保管理/IT工程师/人力资源管理,其他类型企业
39,c/c++/嵌入式开发/安卓开发/java开发/硬件开发,其他类型企业
40,研究岗/开发岗/职能岗,互联网科技企业
41,星动力管培生,其他类型企业
42,电子工程师,工业科技企业
43,机械工程师/电气工程师,工业科技企业
44,信息安全测试工程师/安规测试工程师/无线通讯测试工程师,研究机构
46,工程师类/ 生物医药类技术支持,医疗科技企业
47,研发储备/技术储备/营销储备/管理储备,工业科技企业
48,C++ 开发工程师/算法开发工程师/硬件开发工程师/售前技术支持,互联网科技企业
49,硬件研发工程师/电气研发工程师/嵌入式软件工程师（C/C++）/DSP算法工程师/C++开发工程师,工业科技企业
50,基金研究员,金融企业
51,研发/市场/职能类岗位,互联网科技企业
52,人力资源储备干部/试剂研发/质量管理/省区销售/仪器应用/财务管理/企划设计,医疗科技企业
53,汽车产品设计/工艺技术,其他类型企业
54,机电研发岗/材料、工艺研发岗/销售岗/职能岗,其他类型企业
55,行政文秘（储备总经理助理）/管培生,其他类型企业
56,技术/运营/研发/管理,其他类型企业
57,云计算工程师,其他类型企业
58,纪检一岗/纪检二岗/机电自动化管理岗/网络管理岗/信息化管理岗/财务管理岗/工程造价管理/工程技术管理/文秘岗/人力资源管理岗/经营管理岗/财务管理岗/给排水管理岗/工程造价岗/给排水管理岗/成本费用岗/经营管理岗,金融企业
59,总行部室职能岗,金融企业
60,技术类/运营类/产品类/销售类/营销类/职能类等,其他类型企业
61,教师,教育单位类
62,校招培训生,金融企业
63,信息化管理,工业科技企业
64,研发工程师/软件工程师/自动化工程师/信号控制工程师,互联网科技企业
65,IT类/技术类/生产类/经管与人力类/营销类/法务类/供应链类/财经类,其他类型企业
66,土建工程师/物资工程师/商务工程师,工业科技企业
67,嵌入式软件研发工程师/大数据平台研发工程师,互联网科技企业
68,人民警察,互联网科技企业
69,区域销售经理,互联网科技企业
70,实习生/储备干部,专业技术服务企业
71,技术支持工程师/销售工程师/解决方案行销工程师/在线销售/售前工程师,互联网科技企业
72,机械工程师/电气工程师/软件开发工程师/软件实施工程师/法务助理/项目助理,互联网科技企业
73,电子工程师/电芯工程师/结构工程师,高新技术企业
74,芯片生产技术员/芯片助理工程师/远距离量子通信研究人员/量子探测与波导器件研究人员/工艺研发工程师/测试分析研发工程师/SPICE模型研发工程师/器件研发工程师/光学工程师/光电工程师/专利工程师/软件工程师/晶体生长工程师/测试工程师/磨抛工艺工程师/机械工程师/微纳工艺工程师,研究机构
75,质量工程师/研发工程师/工艺工程师/机械工程师/,互联网科技企业
76,软件开发工程师/软件测试工程师/系统运维工程师/产品经理/数据工程师,其他类型企业
77,人力资源助理/行政助理/工程管培生等,互联网科技企业
78,咨询/开发/数据科学等,其他类型企业
79,软件开发类（Java、C/C++、嵌入式、Linux、应用软件、web等）/硬件开发类（硬件开发、FPGA）/网络安全技术研究类/密码研究类/产品测试类/高级网络安全工程师,研究机构
81,教师/骨干教师/学科专业带头人,教育单位类
82,超潜管培生（证券研究方向）,金融企业
83,营销岗/项目岗/质量岗/研发岗,互联网科技企业
84,经营管理类/财务/移动互联/信息系统/整车研发类/新技术类/智能制造,其他类型企业
85,市场与销售方向培训生,其他类型企业
86,IT及新技术 /网络类/ 业务及运营类 /市场类 /职能支撑,互联网科技企业
87,电气工程师/机械工程师/服务工程师,工业科技企业
88,高压绝缘研究员,互联网科技企业
89,嵌入式软件工程师/ 嵌入式软件工程师（SOC）/ 嵌入式软件工程师（ARM）/ 嵌入式软件工程师（信号处理）/ C、C++软件工程师 上位机软件工程师 /电路设计工程师 /研发测试工程师/产品经理 /研发助理 /FPGA开发工程师 /芯片设计工程师/ IC验证工程师/ 视觉SLAM算法工程师/ 卫星基带算法工程师 /卫星导航算法、RTK算法工程师/ 惯性、组合导航算法工程师,互联网科技企业
90,记者/数据工程师/产品经理/数媒设计师/财务人力,其他类型企业
91,工程师类/技术支持类,医疗科技企业
92,Java开发工程师/C++开发工程师/Web前端开发工程师/测试工程师/技术支持工程师,互联网科技企业
93,Android开发工程师/Java软件开发工程师/Web软件开发工程师/嵌入式开发工程师/硬件开发工程师/UI视觉设计师/结构设计师/工业设计师/平面设计师/软件测试工程师/硬件测试工程师/产品助理/采购助理/物流助理/商务助理/销售经理,互联网科技企业
95,光学研发工程师/软件工程师/工艺研发工程师/机械工程师/电气工程师/会计助理/采购助理/人事助理/营销策划/售后助理/业务助理/工程师助理/设备装调工程师/交付工艺工程师,工业科技企业
97,升学择校教育咨询师,互联网科技企业
99,第四届中国·河南招才引智创新发展大会成都专场,其他类型企业
100,技术工程师/销售工程师,互联网科技企业
101,机电岗/研发岗/销售岗/职能岗,其他类型企业
102,智能制造学院教师,教育单位类
103,国内专利代理岗/涉外电学专利代理岗/涉外化学专利代理岗,人文知识企业
104,销售代表,其他类型企业
105,技术储干,互联网科技企业
106,System Software Engineer / Workload Software Engineer,其他类型企业
107,手游策划（2022校招）/客户端开发工程师（2022校招）/服务端开发工程师（2022校招）/手游测试工程师/SDK开发工程师（Android/IOS)（2022校招）/PHP开发工程师（2022校招）/Web前端工程师（2022校招）/手游运维工程师（2022校招）/手游运营管培生（2022校招）/手游商务（2022校招）/市场投放（2022校招）/直播商务（2022校招）/直播运营（2022校招）/人力资源管培生（2022校招）/行政管培生（2022校招）/财务管培生（2022校招）/法务管培生（2022校招）/游戏美术设计管培生（2022校招）/原画设计师（2022校招）/3D设计师（2022校招）/UI设计师(2022校招）/广告设计管培生（2022校招）/视觉设计师（2022校招）/视频设计师（2022校招）/用户运营（2022校招）/游戏生态管理（2022校招）/客户服务管培生（2022校招）/游戏客服（2022校招）,互联网科技企业
108,两年支教教师招募,教育单位类
109,国内市场代表/管理培训生/研发人员/技术支持岗/供应链岗/人力资源专员/行政专员,互联网科技企业
110,外贸业务员,其他类型企业
111,产品/需求类/技术类/业务/职能类/IT咨询类,互联网科技企业
112,专利工程师（通信电学机械自动化等领域）,人文知识企业
113,培训生,金融企业
114,技术岗或营销技术支持岗/技术岗,工业科技企业
115,储备干部/研发/产品/市场/运营/设计,其他类型企业
116,管理培训生/销售红星,生活类企业
117,Python实习生,其他类型企业
118,汽车研发 /供应链/ 生产制造 /智能与信息技术/ 智能驾驶/ 市场与销售服务/ 综合管理/ 职能,生活类企业
119,行政专员,工业科技企业
122,整车研发/电控系统研发/新能源研发/智能驾驶/车身与造型/仿真分析/底盘系统研发/发动机及传动系统研发/数据分析与治理/IT信息化建设/材料分析与研究/整车及零部件试验/项目管理/工艺开发/智能制造,生活类企业
123,科研岗/专业技术岗/机动平台总体设计技术/管理类,社会企业
125,光学研发工程师/ 产品工程师 /材料研发工程师 /机械研发工程师 /封装工艺工程师/ 电子电路工程师 /电气研发工程师/ 热设计研发工程师/ 软件研发工程师,互联网科技企业
126,管理培训生/金融业务岗/金融科技岗,金融企业
128,机械工程师/生产工程师/设计师,工业科技企业
129,研发工程师/嵌入式软件工程师/硬件设计工程师/硬件测试工程师,工业科技企业
130,客户经理岗/柜台,金融企业
131,机关事业单位急需紧缺专业人才,政府企业
132,管理培训生/投资银行/金融市场/理财子公司方向/信用卡业务方向/青银金融租赁有限公司方向/总行IT岗,金融企业
133,气候拓新者,其他类型企业
134,研发工程师,其他类型企业
135,计量检定测试/产品质量检验,专业技术服务企业
136,弹道设计工程师/姿控设计工程师/气动设计工程师/导航设计工程师/仿真设计工程师/结构设计工程师/机电设计工程师/强度分析工程师/web前端工程师/JAVA开发工程师/应用软件开发工程师/FPGA工程师/嵌入式软件开发工程师/硬件设计工程师/射频、天线工程师/电气系统工程师/惯性导航工程师/固体火箭发动机设计工程师/固体火箭发动机工艺工程师/质量专员/产品保障专员/市场专员/新媒体运营专员/人事行政专员/法务专员/财务专员,互联网科技企业
137,软件工程师/硬件工程师,互联网科技企业
142,软件开发/电子工程师/云网解决方案/智能化工程售前工程师/配电工程师/终端测试等孵化业务/电源检测/电磁兼容检测/ 网络智能应用运营工程师/ 光缆通信技术研发,工业科技企业
143,海南自由贸易港招才引智活动,其他类型企业
144,自动驾驶-主动安全开发工程师/硬件系统设计工程师/项目经理/数据安全工程师等,互联网科技企业
145,冲压工艺/焊接工艺/质检工艺/电气技术,互联网科技企业
146,营销管培生/人力资源专员/财务会计/法务专员/市场稽核专员/品牌经理助理,其他类型企业
147,硬件工程师/结构工程师/医学专员/临床专员/产品专员,医疗科技企业
148,管培生/计算机类/其他应届生/综合柜员,金融企业
150,零售培训生,其他类型企业
151,助理顾问,医疗科技企业
152,工艺/PIE/设备/生产管理,互联网科技企业
153,Java开发工程师/C++开发工程师/前端开发工程师/测试工程师/技术支持工程师/产品经理/财务专员/人力专员/商业分析,互联网科技企业
155,C/C++开发工程师/Golang开发工程师/Java 开发工程师/硬件工程师/嵌入式驱动工程师/FPGA逻辑工程师/测试工程师,互联网科技企业
156,航空航天类/计算机及数学类/机械及机电类,研究机构
157,项目经理,金融企业
158,商务实习生,互联网科技企业
159,投融资项目经理/法务经理/行政经理,金融企业
160,嵌入式软/硬件研发工程师/电气工程及其自动化等相关专业,工业科技企业
161,软件开发工程师/ 运维开发工程师 /测试工程师 /安全工程师/ 网络工程师,其他类型企业
162,软件开发工程师/ 算法工程师/ 工艺工程师 /软件测试工程师 /销售工程师/ 项目管理/ 机加质量工程师,互联网科技企业
163,社群运营岗,互联网科技企业
164,职能管理类/技术研发类/工程技术类/国内市场类/国际市场类,其他类型企业
165,生产运营类/人事行政类/自动化类/环境安全和健康类/经营管理类/产品开发/设计类,互联网科技企业
166,后端Python开发工程师,金融企业
168,海外采购代表/销售工程师,互联网科技企业
169,空中交通管制岗/通信导航监视设备维修及运行维护岗/气象设备维修岗位和气象预报及观测岗位/财务岗位,专业技术服务企业
170,技术研发及项目工程师/业务专员,其他类型企业
171,园区运营/招商咨询/产品设计/经营分析/业务管理/财务/法务/人力资源/ 综合管理/室内设计,其他类型企业
172,巴川中学-学科教师/竞赛教练,专业技术服务企业
173,中建国际筑世者—国际项目/国内项目,工业科技企业
174,工程技术类/管理类,工业科技企业
175,Java开发工程师/Golang开发工程师/ios开发工程师/安卓开发工程师/算法工程师/算法策略/前端开发工程师,互联网科技企业
177,技术类/策划类/美术类/职能类,互联网科技企业
178,c++/Java/,互联网科技企业
179,大数据开大工程师/算法工程师/业务分析师,互联网科技企业
180,军队文职岗位,工业科技企业
181,军队文职人员,其他类型企业
182,后端开发工程师/前端开发工程师/测试工程师/数据工程师/安全工程师/敏捷教练/内核开发工程师/运维技术服务工程师,工业科技企业
183,Java开发工程师/营销/HR/财务/算法/IOS/ web前端/数据开发/数据分析/物流管理/物流规划/商业分析,互联网科技企业
184,算法工程师/三位重建算法工程师,其他类型企业
185,机械/电气设备检修/运维/工艺工程师,其他类型企业
186,定向培养生 （公司金融营销方向）/定向培养生 （私人银行方向）/市场营销岗 （公司金融方向）/市场营销岗 （财富管理方向）/市场营销岗 （零售金融方向）/柜员岗等,金融企业
187,土木工程/工程管理/材料/安全/财会/职能管理,专业技术服务企业
188,硬件工程师/软件工程师,研究机构
189,生产管理/船舶检验/安全管理,其他类型企业
190,唯品会物流管理培训生,互联网科技企业
192,文史哲类/新闻传播类/外语类/法学类/公安学类/计算机类/通信类/生物类/财经类/管理类/材料类/政治学类/数学类/化学类/统计学类/公计与审计类,其他类型企业
193,学科教师,互联网科技企业
194,软件工程师/算法工程师/惯导研发工程师/嵌入式工程师/光学设计工程师/光电系统算法工程师/集成电路设计工程师,互联网科技企业
195,通讯技术\电子\半导体\建筑\电气\能源\自动化\仪器仪表\航天\航空\冶金\钢铁\机械\机电,互联网科技企业
196,文职人员,工业科技企业
197,法律部法律事务岗,金融企业
199,智能制造与精密制造研发工程师（精密装备开发与自动化）/算法工程师（媒件算法）/硬件技术工程师（定制模件组）/硬件技术工程师（高速&amp;amp;amp;高频信号完整性）/结构与材料工程师/解决方案测试工程师/软件开发工程师（应用软件）/ID与UX设计师,互联网科技企业
200,平台研发类,互联网科技企业
201,科技管理类岗位/科技研发运营类岗位,其他类型企业
202,研发类/技术类,互联网科技企业
203,管理培训生,互联网科技企业
205,研发工程师/ 电子工程师/嵌入式软件工程师/ 图像算法工程师/国际销售/ 国内大客户销售/ 人力资源管培生/ 财务管培生/投资管培生,互联网科技企业
206,电芯工程师/电气工程师/结构工程师/热仿真工程师/工艺工程师/软件工程师/硬件工程师/国际销售工程师/国内销售工程师/质量工程师/设备工程师/管培生,其他类型企业
207,【江苏泰州】校园招聘“百日行”活动,教育单位类
208,管理类/市场类/IT类/财务类/技术类/法务类,其他类型企业
210,产品总体设计师/数字信号处理师/微波设计师/数据链设计师,工业科技企业
211,程序研发类/策划类/美术设计类/运营类/职能类,互联网科技企业
212,有机合成研发员/国外外贸员/国内业务员/药物分析员/IT工程师,医疗科技企业
213,Fintech管理培训生/管理培训生,金融企业
214,商务外贸岗/财务管理岗/人力资源岗/机械设计岗/电气开发岗/机械设计岗/法务岗/软件开发岗/视觉开发岗,工业科技企业
215,原画设计师（场景or角色） 成都 /3D角色设计师 北京/成都 /3D场景设计师（物件or地编方向） 成都 /3D动作设计师 北京/成都 /游戏策划 北京/成都 /互联网程序类 /IOS工程师 北京 /golang/java数据开发工程师 北京 /推荐算法工程师 北京 /web开发工程师 北京 /Java开发工程师 北京 /招聘专员 北京 /TS开发工程师 北京/成都 /UE初级工程师（黄埔）（c++/JAVA）） 北京/成都,互联网科技企业
216,图书编辑/期刊编辑/校对/编导/营销销售/财务管理,研究机构
217,电子科学与技术/计算机科学与技术/仪器科学与技术等,工业科技企业
218,2023实习生招聘（含寒暑期）,互联网科技企业
219,自动化类/工商管理类/材料类/土木类/机械类/化工类/经济学类,金融企业
220,软件应用测试实习生,互联网科技企业
221,实习工程师/Java后端/Vue前端,专业技术服务企业
222,Java开发工程师/前端开发工程师/产品经理,互联网科技企业
223,质量工程师/外贸销售工程师/软件测试工程师/测试开发工程师/工业设计师/结构工程师产品开发工程师/硬件开发工程师/后端java开发工程师驻外销售工程师/驻外技术支持工程师/技术方案工程师/嵌入式软件开发工程师i,互联网科技企业
224,信息技术类,互联网科技企业
225,项目助理,互联网科技企业
227,分析研究员/合成研究员/制剂研究员/产品经理/临床医学专员/临床监查员/商务经理,医疗科技企业
228,芯片研发/软件研发/硬件研发/软件测试/产品测试/市场营销/技术支持/智能制造/财务管理/供应链类,互联网科技企业
229,行政/党群专员,研究机构
230,电机结构设计/电机设计/齿轮设计/电机试验及测试/电机控制器硬件/软件/结构设计工程师,工业科技企业
231,管理咨询师/大数据分析师/企业文化咨询师/人资管理咨询师/卓越绩效管理咨询师,专业技术服务企业
232,工程设计岗 /项目管理/全过程项目咨询岗 /策划咨询/职能管理岗等,工业科技企业
233,项目研究员/科普智库建设研究岗/影像编辑/科学表演岗/科技辅导教师/多媒体设计岗/机械设计岗/电控设计岗/艺术设计岗/影视主持人兼影视编辑/电控设计与制作岗/信息化开发运维岗/工程管理岗/职员/财务岗/综合处公文会议岗/博物馆运营研究岗等,教育单位类
234,技术岗/营销技术支持岗,工业科技企业
235,专任教师,教育单位类
236,技术研究类/技术研发类/生产制造类/技术支持类/供应链质量类/市场营销类,其他类型企业
237,审计助理,生活类企业
239,数字集成电路设计工程师/数字集成电路验证工程师/软件工程师/硬件工程师/应用工程师 /集成电路芯片测试和应用工程师/IC Layout Designer 集成电路版图设计/IC SQE 品质测试工程师,工业科技企业
240,总行管理培训生,金融企业
241,研发类/ 临床工程师 /注册工程师 /硬件工程师 /FPGA工程师 /算法软件工程师 / 应用软件工程师/ MEMS研发工程师 / 传感器研发工程师 /系统测试工程师 /导管研发工程师 /导管研发工程师,互联网科技企业
242,管理培训生/研发类/设计类/营销类/现场类/职能类,其他类型企业
244,大学教师,教育单位类
245,研发工程师/设计服务工程师,工业科技企业
246,IT互联网猎头顾问/高端猎头顾问/管培生,专业技术服务企业
248,【寒假实习】人力资源实习生,其他类型企业
249,算法工程师/三维图形研发工程师/计算几何研发工程师/图形处理工程师（信号处理方向）/助理光学工程师,医疗科技企业
250,JAVA开发工程师/C++开发工程师/web前端工程师/测试工程师/技术支持工程师/产品经理/人力专员,互联网科技企业
251,综合业务岗/专业技术岗,其他类型企业
252,管理类/市场营销与策划类/运营管理类/财务管理类/建筑工程类/建筑设计类/酒店管理类/会展类/工程造价类/粮油类,其他类型企业
253,信息系统岗,其他类型企业
254,暖通/热能动力/机械设计制造及其自动化/自动化/电气自动化/电子信息工程/计算机科学与技术/软件工程/土木工程/预决算/化学工程,互联网科技企业
256,综合管理类\采编类\技术类\新媒体运营类\台属企业,其他类型企业
257,行政文秘/财务管理/会展业务管理/营销推广/工程设备/信息技术/安防管理/人力资源管理/客户营销和管理(非英语语种储备干部),教育单位类
258,前端工程师/JAVA开发工程师/c++开发工程师/客户端开发工程师-IOS/Android/UI设计师/产品专员/行政专员/会计/内容运营/视频剪辑（平面设计）/文案策划/行业研究员,互联网科技企业
259,世豪新瑞集团管培生（地产）财务/人力行政/研发/精装景观/成本管理/工程管理/招标/营销管理,金融企业
260,信息安全岗/技术开发岗,其他类型企业
261,Java开发实习生,互联网科技企业
262,技术研发类/大数据/算法/Java/前端/云计算/硬件/机械/C语言/职能管理类/职能管培生/企管/人力资源/培训/财务/法务/市场营销类/客户经理/项目专员/产品助理/销售支持,互联网科技企业
263,技术类/IT类/经管与人力类/营销类/生产类/供应链类/财经类,其他类型企业
264,C/C++软件开发助理工程师,互联网科技企业
265,硬件工程师/算法工程师/C++开发工程师/Android应用开发工程师/ARM开发工程师/结构工程师/光学设计工程师/IC设计工程师/版图设计工程师/MEMS设计工程师/MEMS工艺工程师,互联网科技企业
266,销售管理储备干部/后台管培生,互联网科技企业
267,飞行仿真软件工程师/应用软件工程师/航空技术工程师/软件开发工程师,互联网科技企业
268,职业卫生工程师/工安工程师/体系工程师/环保工程师/ERC工程师/电气工程师/机械工程师/水处理工程师/化学系统工程师/气体系统工程师/制程工程师/制程整合工程师/设备工程师/制造工程师/研发工程师/IE工程师/采购助理专员/IT助理工程师/质量与可靠性工程师/HR专员,工业科技企业
269,涉外电学专利代理人/助理实习生（工作语言为英语）/涉外电学专利代理人/助理（工作语言为英语）/专利诉讼律师助理（电学）,生活类企业
270,北交所业务岗,金融企业
271,技术类岗,互联网科技企业
272,新媒体编辑/新媒体运营,互联网科技企业
273,研发工程师/国际销售/人力资源,医疗科技企业
274,2022届校招管理岗,其他类型企业
275,TiKV 分布式存储研发工程师/数字化平台研发工程师/测试平台开发工程师）/安全工程师,互联网科技企业
276,管理类\供应链类\市场类\IT类\财务类\技术类\法务类,其他类型企业
277,综合管理类/财务管理类/规划管理类/设计管理类/工程管理类/工程技术类/信息技术类/金融投资类/投资拓展类/招商运营类/策划运营类/创意设计类,金融企业
278,算法工程师/FPGA逻辑工程师/硬件工程师/硬件测试工程师/软件测试工程师/应用工程师/管培生（数字营销方向）/市场专员/线上运营/管培生（商务方向）,互联网科技企业
279,博士后/惯导算法工程师/嵌入式硬件工程师/嵌入式软件工程师/上位机软件工程师/结构工程师/技术支持工程师/系统集成工程师/测试员,互联网科技企业
280,技术岗/研发岗,其他类型企业
281,JAVA开发工程师/C++开发工程师/web前端工程师/测试工程师/技术支持工程师/产品经理,互联网科技企业
282,电力/电气/继电保护/计算机网络/通信自动化/财务管理/会计/法学法律/文学/工程造价/土木工程等,工业科技企业
283,开发岗,互联网科技企业
284,测试工程师（宁波）/应用设计工程师（宁波）,工业科技企业
285,电力施工管理/电气试验/电气设计/概预算/配电不停电作业等岗位 土建施工管理等岗位 概预算/工程造价等岗位 综合管理/人力资源/财务管理/法律等岗位,高新技术企业
286,机械设计/硬件设计/软件测试/机械工艺/属性测试/质量管理,其他类型企业
287,硬件工程师/逻辑设计工程师/Java开发工程师/C|C++软件开发工程师/算法工程师/Web前端工程师,研究机构
289,.Net 软件开发工程师,金融企业
290,财务专员/人力资源专员/业务综合岗/企业文化/培训专员/产品运营专员/数据分析专员/店面运营专员,金融企业
291,整合营销实习生/学生营销实习生/用户运营实习生/用户策略产品实习生/用户功能产品实习生/内容营销实习生/商家产品经理实习生/供给运营实习生/商户运营实习生/房东运营实习生/房东营销实习生/乡村民宿项目组实习生,互联网科技企业
293,市场经理/信息化咨询师/IT架构师/信息化工程师/通信设计咨询师/数字化咨询师,工业科技企业
294,互联网类（产品经理、运营）/营销类（产品运营、商务拓展）/技术类（电子）/职能类,互联网科技企业
295,JAVA开发工程师,互联网科技企业
296,机械工程师/ 电气工程师/工艺工程师,工业科技企业
298,技术岗位实习生,互联网科技企业
299,人力管培生 /财务管培生 /证券管培生 /综合管培生/ 供应链管培生 /开发管培生/ 产品管培生 /测试工程师 /硬件工程师 /市场拓展/ 商务管理 /售前管培生/ 投标管培生/ 项目管理（通信方向）/ 项目管理（政企方向）等,其他类型企业
300,软件开发工程师\大数据工程师\云计算解决方案工程师\创新技术支撑\网络维护与管理\网络建设工程师\党建宣传\财务分析师\法务专员\人力资源管理师\创新行业经理\经营分析师\互联网营销策划师,互联网科技企业
302,发动机\电控\未来技术\液压传动与控制\齿轮传动与控制\农业装备\智能制造\营销,工业科技企业
303,脑机接口算法工程师/可视化AI算法工程师/系统工程师/前端开发工程师/JAVA开发工程师/测试工程师/医学专员（神经学）/CTA（临床试验助理）/心理咨询师/市场专员/销售培训生,医疗科技企业
304,汽车研发与制造方向/新能源三电方向/智造工艺方向/自动驾驶方向/智控平台方向/智能座舱方向/数据智能方向/数字技术方向/全球营销与用户方向/用户营销与服务方向/新零售方向/飞行控制算法/路径规划算法/汽车电驱/公共事务/行政支持/IT运维,互联网科技企业
305,研发类/工艺/调试/其他类,互联网科技企业
306,APR(数字后端版图工程师）,教育单位类
307,管理职员岗/专职实验岗/辅导员岗,教育单位类
308,教育部直属事业单位 2022年度公开招聘公告（应届生）,互联网科技企业
309,电气技术员/助理机械工程师/机械工程师/光学系统工程师/真空及低温系统工程师/设备工程师（电输运方向）/嵌入式硬件工程师/嵌入式软件工程师/软件工程师（图像处理）/紫外光刻工艺工程师/主动隔振系统工程师,互联网科技企业
311,软件开发测试类/质量管理类/项目管理类/市场营销类）,互联网科技企业
312,技术员/设备动力部技术员/生产技术员/质检化验员/环保员/安全员/研发技术员/市场专员/PMC计划物控/财务管理/IT专员/法务专员/采购专员/人力资源专员/综合管理中心文秘,其他类型企业
313,用户运营/商务拓展/管培生,互联网科技企业
314,英文教师/德育班主任/行政咨询/图书管理员/校务运营岗位/平面设计师,教育单位类
315,光束合成光源总体设计师/光束合成系统仿真分析设计师/激光相位探测与控制系统设计师/主动光学系统控制设计师/激光系统热管控设计师/探测与发射系统光学设计师/探测与发射系统总体结构设计师/大能量激光器设计师/固体激光设计师/光纤激光产品设计师/固体激光放大器设计师/半导体激光器首席研究员/半导体激光器芯片高级产品工程师/半导体激光器芯片设计师/高亮度半导体激光光源设计师/激光系统综合性能评估设计师/光机结构设计师/智能控制架构设计师/高级仿真建模设计师/AI算法设计师/微波源仿真分析师/固态脉冲功率源设计师/微波传输与发射系统设计师/电磁环境测试设计师/电磁环境适应性评估与防护设计师/HPM效应评估分析师/软件设计师/电真空器件高频系统设计师/微波传输、辐射与测试技术副主任设计师/装备数字化架构师/装备智能化主任设计师/装备智能化主任设计师/装备智能化主任设计师/需求分析师/飞秒同步系统设计师/高亮度电子源先进阴极设计师/特种射线源设计师/精密射线成像平台设计师,研究机构
316,江苏省盐南高新区2022年引进优秀毕业生工作公告,金融企业
317,武汉大学学生辅导员/心理健康教育教师,教育单位类
318,规划及开发工程师/网络建设工程师/工程项目管理师/网络运维工程师/市场营销岗/宣传策划岗/媒资制作岗/渠道管理岗/行业客户经理/数据分析岗/审计岗/供应链管理岗/法务岗/财务管理岗/行政综合岗/文秘岗,互联网科技企业
319,iOS开发工程师/产品助理（B端）/UI设计师助理/商务助理/项目助理/内容运营/内容编辑/原创编辑/视频编辑/新媒体运营专员/,互联网科技企业
320,在编中小学教师,其他类型企业
321,IC数字设计/IC验证/FAE工程师/初级嵌入式软件开发/销售工程师,医疗科技企业
322,研发工程师\技术员,其他类型企业
323,江苏省盐城市盐都区各事业单位及国企,其他类型企业
324,器件/粉体-研发工程师＆储备干部,互联网科技企业
325,车辆、机械、计算电子类/电气类/材料/化学/数学/物流管理/市场营销/会计/工商管理/新闻,生活类企业
326,管培生岗位（市场/运营/职能/产品方向）,互联网科技企业
327,职能管理类/品牌策划类/IT类 生产技术类/技术营销类/蓝领技术类/工程管理类,金融企业
328,JAVA开发工程师/C++开发工程师/前端开发工程师/测试工程师/技术支持工程师/产品经理,互联网科技企业
329,审计咨询岗/税务咨询岗/工程咨询岗/资产评估岗/风险咨询岗财务咨询方向/风险咨询岗IT咨询方向/JAVA开发岗/前端开发岗/软件测试岗/人力资源岗,生活类企业
330,销售类储备生,生活类企业
331,博士后 管培生 数字科技方向 /节能环保方向 /智能制造方向 /现代流通方向 /综合管理方向/市场贸易类 /计算机类/ 环保化工类 /机械电气类 /材料冶金类 /土木工程类 /财务金融审计类 /综合管理类 /法务风控类,其他类型企业
332,嵌入式硬件研发工程师/电气研发工程师,工业科技企业
333,Java开发工程师/数据开发工程师/算法开发工程师/前端开发工程师/产品经理/数据分析师,互联网科技企业
335,航天卫星设计,研究机构
336,连锁运营管理方向/线上运营方向/产品运营方向/市场企划方向/产品采购方向/关务方向/品控方向/物流管理方向/销售管理方向/财经管理方向/人力资源管理方向/总裁助理方向/IT方向,其他类型企业
337,机器人系统机械设计与控制/机器人电机系统设计与控制 助理研究员/工程师,研究机构
339,审计实习岗/税务实习岗/JAVA开发实习岗/前端开发实习岗/软件测试实习岗/人力资源实习岗,生活类企业
340,算法工程师/安全工程师/运维工程师/测试工程师/开发工程师,其他类型企业
341,福建省内企事业单位各类岗位,教育单位类
342,卫星导航算法设计师 /机器视觉算法设计师 /自动控制算法设计师/ 嵌入式软件设计师 /嵌入式硬 件设计师/ FPGA逻辑设计师/机械设计师/JAVA设计师 /测试工程师 /销售,互联网科技企业
343,销售助理,互联网科技企业
344,仪器研发工程师 /试剂研发工程师 /应用开发工程师/ 实验技术员 /工艺工程师 /售后技术经理 /产品经理 /销售经理 /大客户经理 /临床监察员 /商业分析岗,互联网科技企业
345,新设机构类/总行部分部门类,金融企业
346,PLM开发顾问/PLM实施顾问/MOM开发顾问/MOM实施顾问,互联网科技企业
347,售前助理工程师,互联网科技企业
348,电气设计/硬件开发/软件开发 （嵌入式方向）/软件开发/技术支持/产品测试/会计/人力资源管理,工业科技企业
349,养殖生产岗/综合管培生/畜牧工程部/环保大学生/储备兽医师/基地财务大学生/生产实习生/销售实习生/财务实习生/营销管培生/技术管培生/预算大学生/机械自动化大学生/配方师/生产管理储备干部/采购专员/品质管理储备干部/人力资源管培生/财务管理专员/审计专员/法务专员/监察专员/初级开发工程师,互联网科技企业
350,超潜管培生（证券研究方向）/财务风控岗,金融企业
351,公务员,教育单位类
352,文职类/技术类,其他类型企业
353,安全技术实习人员,互联网科技企业
354,专业技术岗,其他类型企业
355,航空产品工艺工程师/企业管理,工业科技企业
356,专项研究员,互联网科技企业
357,网络与信息安全技术岗/互联网信息研究岗,互联网科技企业
358,模拟电路设计工程师（电源方向）/ 模拟电路设计工程师（信号链） /数字电路设计工程师/ 测试研发工程师 /测试工程师 /应用工程师（信号链方向）/ 应用工程师（电源方向）/ 现场应用工程师 /版图工程师/版图工程师助理 /设计支持工程师 /项目管理工程师 /IT运维工程师 /射频IC设计工程师 /模拟电路设计工程师（射频方向） /RF MEMS设计工程师 现场应用工程师-射频方向 /测试工程师-射频方向,互联网科技企业
359,研发类 /技术类 /综合职能类,工业科技企业
360,专利代理师（软件通讯、机械、光电、电子电路、生物医药、化学材料领域）,人文知识企业
361,网络与信息安全技术岗,互联网科技企业
362,电学专利工程师/机械专利工程师/生化专利工程师/涉外专利工程师,其他类型企业
363,研发设计类/研发试验类/试验测试类/控制类/电气类/软件类/管理类/技能类/其他类,研究机构
364,新能源学院教师,教育单位类
365,行业研究岗,其他类型企业
367,辅导员,教育单位类
368,学校教学类/医疗卫生类,其他类型企业
369,外延工程师/芯片工程师,研究机构
371,大学生和技能人才,互联网科技企业
372,机械/算法/软件/嵌入/电气/测控/软件测试/光学/硬件/运动控制/固件/产品经理,互联网科技企业
373,风险管理（上海+郑州）/市场营销（上海）/数据分析（上海）/软件研发（郑州）/信息安全（郑州）/UI（上海+郑州）,其他类型企业
374,编辑记者/营销发行/业务管理/计算机,影视传媒类
375,激光工艺工程师/销售工程师/采购工程师/软件工程师/技术支持工程师/设备装配调试工程师/七、控制工程师,互联网科技企业
376,江苏省阜宁县2022年面向全国部分高校 和境外世界名校引进优秀毕业生工作公告,政府企业
377,人力资源岗/党务干事/行政综合岗/投资管理岗/企业管理岗/财务会计/工程管理岗/技术管理岗/安全管理岗/充电桩业务,高新技术企业
379,郑州太古可口可乐管理培训生,生活类企业
380,教育系统,高新技术企业
381,研发工程师/高级研发工程师/电气自动化/机械工程,工业科技企业
382,IC测试开发工程师（无锡、南京）/ IC应用验证工程师（无锡）/ 硬件开发工程师（无锡）/ 检验工程师（无锡）/ 试验工程师（无锡）/产品工程师（无锡、南京）/ 设备维护工程师（无锡）/市场业务员（成都、西安、无锡）,互联网科技企业
383,IT研发方向,金融企业
385,电气设计工程师,互联网科技企业
387,技术开发工程师,政府企业
388,党务管理员/纪检监察员/消防管理员/直播营销策划员/直播营销主播/产品研发员/香精香料研究员/人工智能研发员/互联网及新媒体研究员/烟叶生产技术员/信息数据管理员/物流管理员1/物流管理员2/ 烟叶养护员/技术员1/技术员2/技术员3/操作员/技术员1/技术员2/技术员3/技术员4/综合管理员/操作员,工业科技企业
389,日语运营,互联网科技企业
391,专利工程师,其他类型企业
392,测试助理工程师/电子助理工程师/照明设计/机械助理工程师/工业设计/国内销售/海外销售,互联网科技企业
393,技术研发类/工程服务类/市场营销类/生产制造类/管理培训生/职能类,互联网科技企业
394,网络空间安全学院教师,教育单位类
395,中物院高性能数值模拟软件中心研发岗,研究机构
397,初中数学教师,教育单位类
398,产品/工艺/材料工程 /机械设计/ 等离子体/射频工程等,工业科技企业
399,模拟电子工程师/电力电子工程师/数字电子工程师/软件开发工程师/嵌入式软件工程师/自动控制工程师/电磁兼容工程师/安规认证工程师,互联网科技企业
400,深圳市建筑科学研究院股份有限公司2022年校招公信检测员/助理结构工程师/助理建筑师,研究机构
401,连锁运营管理方向/线上运营方向/产品运营方向/市场企划方向/产品采购方向/关务方向/品控方向/物流管理方向/销售管理方向/财经管理方向/人力资源管理方向/总裁助理方向/IT方向/,其他类型企业
402,现场应用工程师/电源应用工程师/模拟/混合集成电路设计/验证工程师/IC验证工程师,互联网科技企业
403,java开发/web前端开发,互联网科技企业
404,市场营销类/销售运营类/技术研发类/人力行政管理类/财务管理类,影视传媒类
406,Python开发工程师/量子器件工程师/微波工程师/FPGA开发工程师/量子测控科学家/硬件工程师/C++软件开发工程师/IDE开发工程师/机器学习工程师/算法工程师（量子程序编译方向）等,互联网科技企业
407,研发类/销售类/职能类,其他类型企业
408,图像算法/视觉算法工程师/机器人控制算法工程师/机械设计工程师/图像处理算法工程师/机器人视觉应用工程师/电气设计工程师/助理电气工程师,研究机构
409,机械工程师,其他类型企业
410,保险精算 /财会投资 /内控稽核 /信息技术 /通用前台 /通用中台 /通用后台,金融企业
411,机械工程师/电气工程师/工艺工程师,互联网科技企业
412,理财顾问/ 项目经理/投顾助理/储备管理,金融企业
413,后端开发工程师/前端开发工程师/算法工程师/机器学习/数据挖掘/自然语言处理工程师/大数据研发工程师/分布式数据平台开发工程师,互联网科技企业
414,技术研发岗,工业科技企业
416,销售类/技术服务类/售后服务类/教育培训类/智能智造自动化方向/智能智造软件开发方向,工业科技企业
417,C++开发工程师/服务端开发工程师/前端开发工程师/算法工程师/软件测试工程师,互联网科技企业
418,嵌入式工程师/硬件设计工程师（助理）/售后FAE/应用软件开发/商显售前工程师/外观、ID设计/PCB layout设计师/软件测试工程师/结构设计师/项目助理工程师,互联网科技企业
419,软件工程师/硬件工程师/结构工程师/测试工程师,高新技术企业
421,汽车研发（北京/上海) /自动驾驶（北京/上海）/智能与信息技术（北京/上海）/生产制造（北京/江苏常州）/供应链（北京/上海/江苏常州/四川绵阳） /综合管理（北京/上海/常州）/ 职能（北京/上海/常州,生活类企业
422,Trainee-自动化方向,其他类型企业
423,基站物理层开发工程师/DSP程序开发工程师/物理层算法岗,互联网科技企业
424,科研人员,研究机构
425,量化策略研究员（实习留用）,互联网科技企业
426,四川省2022届急需紧缺专业选调生\市属事业单位以及各县（区）引进人才\市属国有或国有控股企业引进人才,社会企业
427,工程师,金融企业
428,嵌入式系统开发工程师/产品工程师/结构设计工程师/技术支持工程师,互联网科技企业
429,技术销售工程师/大客户经理/软件工程师/硬件工程师/网络安全工程师/通信工程师/射频微波（5G）测试工程师/中央监测系统工程师/操作系统工程师/汽车电子技术工程师/汽车诊断应用工程师/NVH工程师/自动化技术工程师/QT开发工程师/嵌入式工程师/产品拓展专员/大客户专员/网站开发工程师/网站内容/市场专员/储备财务经理/招聘专员,互联网科技企业
430,人力行政管培生/公共关系管培生等,其他类型企业
431,产品管培生/市场管培生/职能管培生/运营管培生,互联网科技企业
432,化工类等,工业科技企业
434,储备人才类/机务类/航务类/地面服务类/运行管理类/工程管理类/医学类/规划投资类/市场营销类/法律类/财务审计类/行政管理类/采购管理类/研发培训类/科研类/党宣工团纪类等,其他类型企业
435,财务管理/会计管理/信贷管理/风险管理,金融企业
436,管理培训生/金融科技人才/市县分支机构营销人员/营运人员,金融企业
437,学科教师/行政管理/文案策划/机器人编程教师（少儿编程、创客老师、乐高编程、少儿机器人）,互联网科技企业
438,机电研发岗,其他类型企业
439,专业人才/管培生/分支行储备生/子公司及驻行纪检监察组等,金融企业
440,嵌入式软件工程师/数字电路设计工程师/数字电路验证工程师/硬件工程师/自动化测试工程师,互联网科技企业
441,边缘计算应用开发实习（研发、产品）,工业科技企业
442,嵌入式软件开发工程师,互联网科技企业
443,事业编制,其他类型企业
445,SMT工程师,互联网科技企业
446,机器学习负责人/软件负责人/嵌入式系统负责人/电路负责人/硬件原型开发负责人/显示算法负责人/VR 3D引擎科学家/图形图像算法科学家/安卓高级软件负责人/ISP 图像算法负责人/人体感知与视觉科学家/显示、光学测试负责人/先进显示技术研发负责人/显示驱动面板设计负责人/显示背板制程器件工程负责人/显示驱动IC设计负责人/IT 工程师 （服务器）/实验室管理员,研究机构
447,CAD三维设计师,互联网科技企业
449,采购员/制程工程师/规划师/人力资源/测试工程师/机构设计工程师/PLC开发工程师/EHS工程师/项目助理/数据分析师/成本分析师/精益管理师/自动化工程师/经营分析师,互联网科技企业
450,总行管培生/分支机构管培生/营业网点业务岗/定向营业网点业务岗,金融企业
451,技术研发/封装技术开发/新产品开发/制程工程师/设备工程师/管理类/软件开发/动力工程技术,互联网科技企业
452,博士后/产品设计/工艺技术/机械技术/电气技术/模具技术/生产管理/改善管理/质量管理/市场营销,其他类型企业
453,游戏开发工程师,互联网科技企业
454,材料开发类\OLED材料开发\光学设计类\显示技术研究类\仿真设计类\电磁仿真\面板设计类\器件开发类\OLED工艺器件开发\战略与企管类\电子设计类,工业科技企业
456,软件开发岗/证件芯片安全研究岗/数据算法研发岗/仿真系统研发岗 /数据分析岗,研究机构
458,软件研发类/硬件研发类/供应链/产品类,互联网科技企业
459,嵌入式软件工程师/Android开发工程师/硬件开发工程师/Web后端开发工程师/Web前端开发工程师/质量工程师,互联网科技企业
460,初级游戏软件开发工程师,互联网科技企业
461,项目管理岗/IT信息岗/证照事务岗/销控岗/价格管理岗/客户关系岗/财务管理岗,金融企业
463,Java研发工程师/前端研发工程师,互联网科技企业
464,工程技术岗,工业科技企业
466,专业化人才\管理培训生\营销型人才,金融企业
467,产品研发/技术岗/管理岗,工业科技企业
468,财务审计（2022校招）/财务审计实习生（非校招）/资产评估（2022校招）/管理咨询（2022校招）,生活类企业
471,安卓应用/多媒体开发/驱动/无线通信协议/信息安全/Devops/算法/射频工程师,互联网科技企业
472,科研创新岗/开发管理岗/综合管理岗/产业管理岗/设计管理岗/投资财会岗/合规管理岗,金融企业
473,生产技术类储干/品质管理类储干/研发技术类储干/设备维护类储干/安全、消防、环保类储干/供应链类储干/项目管理类储干,互联网科技企业
474,版图工程师/芯片设计工程师/软件测试/软件开发/web前端/半导体应用咨询工程师,互联网科技企业
475,芯片设计/SIP封装设计/微波设计/天线设计/FPGA设计/总体设计/算法设计/C++软件设计/C#软件设计/电路设计/结构设计/电气工程设计/DSP设计,互联网科技企业
476,达州英才计划,其他类型企业
477,市场BD专业,互联网科技企业
478,机械设计工程师/电气设计工程师,工业科技企业
479,规划建设类/信息电子类,社会企业
480,工程师-车载网联及智能驾驶/电驱动及电气化/整车工程及开发/柴油发动机整车基础和驾驶性标定-汽油发动机/,高新技术企业
481,财务管理/项目管理储备干部,互联网科技企业
482,数字IC工程师,互联网科技企业
483,储备干部/技术工程师,其他类型企业
484,质量工程师/相分析工程师/工艺工程师/模具工程师/材料研发工程师/模具设计工程师/热处理工程师等等,其他类型企业
485,专利代理师（通信、电学、机械、自动化等领域）,人文知识企业
486,IT及新技术类/网络类/业务及运营类/市场类/职能支撑,互联网科技企业
487,置业顾问/策划专员/储备销售主管,专业技术服务企业
488,总裁办管培生/业务管培生/Java开发工程师/B端产品经理/专员,互联网科技企业
489,太仓市2021年度专业化青年人才定岗特选,社会企业
490,探测器研发工程师/助理工程师、工艺助理（应届）/光刻助理工程师（应届）/品质工程师（应届）/研发助理、研发工程师（应届）,工业科技企业
491,教师/党政类/医疗类/技术类等,其他类型企业
492,嵌入式软件工程师/硬件工程师/网络测试工程师,互联网科技企业
494,业务研究岗/品种研发岗,其他类型企业
496,软件技术/硬件技术/职能/销售,工业科技企业
497,科技规划管理岗/应用系统开发岗/系统及网络管理岗/技术运行操作岗/登记结算业务岗（法律类/会计类/统计类/财经类)/综合管理岗（法律类/会计审计类/新闻类）/数据中心管理岗等,金融企业
498,智慧金融岗/研发维护岗/人力资源岗/金融市场交易岗/宣传岗,金融企业
499,电子工程师/电气工程师/算法工程师/应用工程师,互联网科技企业
500,项目开发经理/项目营销经理,高新技术企业
501,算法工程师/FPGA工程师,互联网科技企业
502,Marketing 品牌管理培训生/Sales 营销管理培训生,互联网科技企业
503,导航规划算法工程师/电机控制算法工程师/机器人算法工程师/机械臂规划工程师/图像算法工程师/运动控制算法工程师/AI算法工程师/Slam算法工程师/人机交互（HRI）系统设计师/音频算法工程师/语音信号处理/语音识别算法工程师/系统工程师/硬件工程师/电机控制工程师/AIot工程师/FPGA工程师/上位机硬件工程师/下位机硬件工程师/机械工程师/结构工程师/项目经理/产品经理/解决方案工程师/Web/Golang/Andriod/C++开发工程师/机器人软件开发工程师/仿真开发工程师/软件测试工程师/硬件测试工程师/自动化测试工程师/运营策略/运营支持/产品应用工程师/产品质量工程师/PMC工程师/采购工程师/国际物流管理/仓储管理/招聘管理/培训管理/企业文化/公共事务/财务/海外销售（英/日/俄/韩/法/西/德/意/葡/阿/荷兰语） /海外技术运营（英/日/俄/韩/法/西/德/意/葡/阿/荷兰语）,互联网科技企业
504,研发类/技术支持类/生产制造类/销售市场类等,专业技术服务企业
505,大宗商品业务员/研究员（行业）/财务核算/物流管理/法务内控/Java开发,其他类型企业
506,综合管理岗/博士后研究人员/信息安全岗/系统研发岗/党群工作部（人力资源部）-人力资源岗等,金融企业
508,民航类/计算机类/电气/自动化类/土建类/安全类/能源动力类/经营/管理类/行政/文秘类/财务类/电子/通信类/法律类/医学类/生物学类/设计学类,其他类型企业
509,建筑工程师/工程造价师/人力资源管理,工业科技企业
510,雷达电子战仿真工程师/通信仿真工程师/光电和红外仿真工程师/C++研发工程师/CAE仿真工程师/飞行仿真建模工程师/技术支持工程师（电磁方向、通信和网络方向）/销售工程师,互联网科技企业
511,算法工程师/软件开发工程师,互联网科技企业
512,C ++开发工程师/数据分析工程师/FPGA,互联网科技企业
513,软件工程师/上位机软件工程师/硬件工程师/结构工程师/产品工程师,工业科技企业
514,总行管培生/西安城区柜员/西安郊县柜员/地市城区柜员/地市县域柜员,金融企业
516,后端/前端/测试/数据/开发工程师,工业科技企业
517,FPGA工程师/硬件工程师/嵌入式软件工程师/DSP工程师/算法工程师/雷达信号处理工程师,互联网科技企业
518,c++开发/Java开发,互联网科技企业
519,智能驾驶系统工程师/VCU软件工程师/整车研发工程师/发动机研发工程师/功能安全工程师/见习业务经理/工艺工程师/人力资源专员,工业科技企业
521,软件开发工程师＼硬件开发工程师＼嵌入式软件工程师＼算法工程师,工业科技企业
522,2022年江苏省启东市公开选调优秀青年人才(事业编),其他类型企业
523,后备人才岗,金融企业
524,综合管理/投资管理/委托贷款/风险管理/税务/法律/运营管理/内部审计/信息技术/人力资源管理等,教育单位类
525,软件开发工程师/测试工程师,金融企业
526,电源工程师/滤波器工程师/测试工程师/质检员/销售,互联网科技企业
527,电气工程师/自动化工程师/机械工程师/工艺工程师/工程管理,专业技术服务企业
528,研发助理工程师/测试助理工程师/质检员/销售,互联网科技企业
530,国网全球能源互联网研究院直流输电技术研究所2022年度校园招聘,研究机构
531,总公司/分公司管理培训生,金融企业
532,器件设计工程师/DRAM Designer/模拟电路 IC 设计工程师,互联网科技企业
533,管理培训生/非管理培训生,专业技术服务企业
535,机械设计工程师 /产品可靠性工程师 /产品测试工程师 /电气工程师,生活类企业
536,普通员工\计算机专业员工,其他类型企业
537,教授/研究员/博士后等,教育单位类
538,未来总裁岗 /研发岗/ 信息技术岗 /市场岗 /电商运营岗 /营销管理岗 /市场岗 /人力资源岗 /财务岗 /生产制造岗 /品质管理岗 / 电商运营岗 /营销管理岗 /生产制造岗 /品质管理岗,生活类企业
539,中国科学院空天信息创新研究院教育处,研究机构
540,算法工程师/电子研发工程师/机器视觉应用工程师/C++开发工程师/系统集成技术工程师,互联网科技企业
542,电气工程师/研发工程师/工艺工程师,互联网科技企业
543,模拟芯片设计工程师/数字电路验证工程师/版图设计工程师/器件工程师,互联网科技企业
544,研发管培生/职能管培生/业务管培生,互联网科技企业
545,零售管培生,互联网科技企业
546,Java 开发工程师/前端开发工程师/测试工程师,互联网科技企业
547,助理软件工程师 /助理电机工程师/ 生产储备干部/ PIE助理工程师 /ME助理工程师等,工业科技企业
548,软件平台及解决方案/电子系统方向/数字化体验平台方向/数据工场与网络安全方向/人力资源管理培训生,互联网科技企业
549,通信设计师/建筑设计师/暖通设计师/结构设计师/建筑电气设计师/建筑工程咨询师/软件工程师/大数据分析师/信息安全工程师/信息化咨询师/智能化设计师/培训专员/招标代理工程师/管理培训生,研究机构
550,产品设计工程师/电机设计工程师/电机工艺工程师/电机测试工程师/仿真测试工程师/仿真切割工程师/软件设计工程师/硬件加工工程师/机加工艺工程师/装配工艺工程师/研发质量工程师/市场质量工程师/质量工程师（IPQC）/计量工程师/理化工程师/采购工程师/计划师/物控员/制造储备干部/装配储备干部/工务储备干部/软件开发工程师（C+ +方向）,工业科技企业
552,农资营销（技术）岗/财务会计岗/人力资源 管理岗,其他类型企业
553,财务审计类/人事行政类/投资分析类/营销业务类/工程管理类,金融企业
554,C++/QT开发工程师,互联网科技企业
555,人工智能领域开发工程师,研究机构
557,网点柜员,其他类型企业
558,技术类/营销类/运营类,互联网科技企业
559,版图工程师 /氮化镓器件工程师 /碳化硅器件工程师 /工艺工程师 /设备工程师/ IE工程师 /供应商管理 /品质制程工程师 /CS工程师 /失效分析工程师 /安全工程师 /水处理系统工程师 /气化系统工程师 /水处理系统工程师 /商务专员 /采购专员,互联网科技企业
561,技术类/支持类/市销类,医疗科技企业
562,毒理专题负责人/病理专题负责人/药理专题负责人/分析专题负责人/分析方法开发专题负责人,医疗科技企业
565,模拟IC设计工程师/射频电路设计工程师/RFIC设计工程师,互联网科技企业
566,党群干事/技术工程师/工程类工程师/人力行政专员/机加工艺工程师/客户经理/客户销售等,其他类型企业
567,助理信息技术工程师/助理互联网金融开发工程师/助理互联网金融开发工程师,金融企业
568,研发/产品/运营/市场/设计,互联网科技企业
569,产品经理/商务经理/大客户经理,互联网科技企业
570,【空中双选】 电子科技大学2021年暖冬专场空中双选会学生邀请函,互联网科技企业
571,海外市场营销管培生,互联网科技企业
572,科曼医疗22届营销精英,医疗科技企业
573,硬件测试工程师/微波工程师/射频工程师/软件开发工程师/认证工程师/嵌入式软件工程师/结构测试工程师/工艺设计工程师/单板开发工程师/夹具设计工程师/器件设计工程师/版图设计工程师/中道工艺工程师/压铸工程师/模具设计工程师/结构件工艺工程师/机械技术工程师/电镀工艺工程师,互联网科技企业
574,运维专工/工程造价,高新技术企业
575,海豚生—管培生,生活类企业
576,投行业务岗/研究员/销售经理/储备干部/交易员,金融企业
577,战略管理类,金融企业
578,营销管理类/研发技术类/职能管理类/智能制造类,工业科技企业
580,JAVA开发工程师/C++开发工程师/前端开发工程师/测试工程师/技术支持工程师/产品经理/人力专员/财务专员,互联网科技企业
581,省联社本部人才/信息科技中心人才,其他类型企业
582,人力资源/专利工程师/外贸销售 /国内销售/ 跨境电商运营/ 软件工程师/ 硬件工程师等,互联网科技企业
583,软件开发类 /硬件开发类 /网络安全技术研究类/密码研究类/产品测试类/人力资源/财务管理/成本管理/物资采购类,研究机构
584,分行营销精英培训生/金融科技类,金融企业
585,人工智能/计算机类/车辆工程/ 机械/ 电机与电器/ 电力系统/电子/ 自动化/热能与动力工程/供应链/统计学/密码学/营销/管理/语言,生活类企业
586,硬件设计工程师/软件工程师（上位机方向）/FPGA开发方向/深度学习工程师/机械设计工程师,互联网科技企业
587,研发工程师/运营及销售类管培生/财务类管培生/人事行政及后台管理类管培生/技术支持工程师,其他类型企业
588,游戏策划管培生,互联网科技企业
589,研发工程师 /质量工程师 /工艺工程师 /采购工程师 /电镀工艺工程师,互联网科技企业
590,初高中数学教师,教育单位类
592,质量工程师,互联网科技企业
594,CoE 开发工程师,其他类型企业
595,制程工程师/软件开发工程师/光罩数据处理工程师,工业科技企业
596,模拟IC设计工程师,互联网科技企业
597,航运经营管培生/航运技术管培生/财务方向管培生/数字化方向管培生/资本运营方向管培生/综合法律方向管培生/人力资源方向管培生/党建管理方向管培生/文秘方向管培生,其他类型企业
598,助理工程师/装配工艺工程师/采购工程师/质量工程师,工业科技企业
599,网络优化与维护,互联网科技企业
600,高级售前工程师/软件工程师/经理助理,互联网科技企业
601,水务环保类/金融财务类/职能管理类,金融企业
602,管理培训生岗/科技岗,金融企业
603,产品工程师/工艺制程工程师/研发工程师/设计工程师等,工业科技企业
604,电池 电机电控 自动驾驶（软件）/ 自动驾驶（硬件）/ 大数据（运营、产品、运行） /数字营销/创新营销/品牌营销/大客户营销等 工艺数字化、轻量化等 智能制造（生产、品质等）、机器人、生产管理等,高新技术企业
605,消防设备研发岗,研究机构
606,人工智能实习生,互联网科技企业
607,数据开发工程师实习生/系统开发工程师实习生,金融企业
608,金融理财顾问 /信息技术专员/机构业务经理/投行业务承揽岗/ 投资研究专员,金融企业
609,嵌入式开发,互联网科技企业
610,大客户经理,其他类型企业
611,专业储备岗/柜面操作岗/信息技术方向岗位,金融企业
612,软件开发类/技术服务类/应用安全类/运维开发类/系统运维类/网络运维类/终端安全等等,互联网科技企业
613,算法类/软件工程类/硬件工程类/产品设计类/营销/技术支持类等等,互联网科技企业
614,财务管理/法务管理/人力资源管理/运营管理/市场拓展/社区经营等,生活类企业
615,物联网终端测评师,互联网科技企业
616,机械设计师/硬件开发师/算法工程师/大数据工程师/软件工程师/数据通信工程师/暖通工程师/隧道与地下工程设计岗/隧道与地下工程检测岗/隧道与地下工程综合岗,工业科技企业
617,大数据开发工程师/商业智能工程师/算法工程师/DevOps工程师/前端开发工程师/后端开发工程师等,互联网科技企业
618,软件中心研发岗300+,研究机构
619,数学/通信工程专业教师,教育单位类
620,法官助理/书记员,其他类型企业
621,金融科技类/操作类/业务与综合管理类,其他类型企业
622,产品策划岗/投资管理岗/招商管理岗/营运管理岗/数据分析岗/活动策划岗/媒体宣传岗/会员管理岗/人力资源岗/招标采购岗/写字楼研策岗/写字楼租赁岗/写字楼运营岗,金融企业
623,总行管理培训生/万州分行管理培训生/支行管理培训生/总行信息科技部/总行数字金融部/网点工作人员,金融企业
624,机械管理岗 /生产及工艺管理（化工）岗 /生产及工艺管理（轻工）岗/ 财务管理岗 /系统需求管理岗/营销管理岗/供应链管理岗,其他类型企业
625,产品技术员/机电技术员,互联网科技企业
626,IT培训生,互联网科技企业
627,c++/Java,互联网科技企业
629,驱动软件开发工程师/嵌入式软件工程师,其他类型企业
630,总部管培生,金融企业
631,模拟/混合信号IC工程师/数字IC设计验证工程师/助理测试工程师/算法工程师/C++软件工程师/嵌入式软件工程师/FPGA工程师/DSP工程师,互联网科技企业
632,营销管理培训生/产品管理培训生/综合管理培训生/前端开发工程师/java开发工程师/测试工程师/系统维护管理岗/网络安全维护岗,互联网科技企业
633,研发C/C++ /研发Java /安全/测试/技术支持/产品/运营/设计/职能,互联网科技企业
634,软件工程师,医疗科技企业
635,博士生/研究生,其他类型企业
636,西南空管局2022年新员工招聘人力岗/财务岗/计算机通信技术岗,其他类型企业
637,机械设备工程师 /制程整合工程师 /测试工程师 /工业工程师/ 品质工程师 /安全工程师 /电力工程师/ 气体化学工程师 暖通/空调工程师 /水务工程师 /业务工程师/ 研发工程师,互联网科技企业
638,博士后研究员/ 研发 工程师/ 研发工程师助理/ 储备管理干部 /生产运营管培生 /国内销售业务员/ 海外销售业务员,工业科技企业
640,审计/施工员/安全员等等,社会企业
641,经济管理,社会企业
642,Java开发工程师/C/C++工程师/前端开发工程师/算法工程师/大数据开发工程师/数据工程师/测试开发/测试工程师等,互联网科技企业
643,软件研发/芯片研发/算法工程师/自动化工程师/综合管理/财务,专业技术服务企业
644,后端开发工程师/前端开发工程师/测试工程师,互联网科技企业
645,电气类/计算机类/通信类/机械测控类/环境化学类/工程管理类/土建类/物流管理类/工商管理类/经济类/财会审计类/法学类（含思想政治教育、马克思主义理论等）/新闻类/汉语言文学类/档案学/气象学,其他类型企业
646,硬件设计工程师/嵌入式软件工程师/Java开发工程师/web前端开发工程师/音频算法工程师/营销类岗位,互联网科技企业
647,电气/计算机/机械测控等,其他类型企业
648,堆叠工程师/结构工程师/测试工程师/软件驱动工程师/安卓开发工程师/基带工程师/研发质量工程师/助理研发工程师,互联网科技企业
649,产品测试岗/架构设计岗/人才培养及发展岗/大数据分析岗/程序开发岗,互联网科技企业
650,交通运输类/机电设备类/电气工程类/信息科学与技术类/土木工程与建筑类/综合类,其他类型企业
651,投资类管培生/工程管理类管培生/研发类管培生/财务类管培生/人力资源类管培生,其他类型企业
652,FPGA工程师/采购工程师/电气工程师/光学工程师/机械工程师/人力资源专员/软件工程师/系统集成工程师/售后工程师等等,工业科技企业
653,培训专员/运营专员（教务方向）/用户运营专员/营销策划专员/设计师（平面设计）/启明星管培生,互联网科技企业
654,技术研发类 /市场营销类/项目管理类/综合支撑类,互联网科技企业
655,技术类岗位\业务类岗位\职能类岗位\实习生岗位,其他类型企业
656,风资源工程师/载荷控制工程师/仿真工程师/机械设计工程师/算法助理工程师等,互联网科技企业
658,半导体电路设计工程师/半导体工艺开发工程师/半导体设备工程师/韩语翻译,互联网科技企业
659,焦平面技术研究/激光技术研究/光电系统技术研究/光电产品生产,研究机构
660,Java工程师/机器学习工程师/大数据工程师,互联网科技企业
661,企业管理/土地管理/工程技术管理/工程造价管理/工程安全管理/财务审计/党务文秘/人力资源管理/,其他类型企业
662,工程设计岗 /项目管理/全过程项目咨询岗 /策划咨询/职能管理岗,工业科技企业
663,产品测试岗 /架构设计岗 /人才培养及发展岗，/大数据分析岗 /程序开发岗,互联网科技企业
664,销售工程师/产品经理（PM）/现场应用工程师（FAE）/电子工程师（硬件）/系统架构师/软件工程师/数据分析员/财务专员/法务专员/运营专员,互联网科技企业
665,电气工程及其自动化/ 测控技术与仪器 /控制系统工程 / 计算机科学与技术 /自动化等,工业科技企业
666,建筑设计岗 /工程师岗 /招商运营岗 /设计管理岗-室内 /技术岗 /人力行政岗等,互联网科技企业
667,研发岗/产品岗/运营岗/销售岗,其他类型企业
668,算法设计工程师 /光电系统链路仿真/算法设计工程师 CAD图形引擎/Rust开发工程师/C#开发工程师/Python开发工程师/PDA应用工程师 硅光版图设计/PDA应用工程师光电链路仿真与协同仿真,互联网科技企业
669,亿联银行2022年校园招聘,金融企业
671,临床类/研发类/法规事务类/工艺类/质量管理/商务类等,医疗科技企业
672,融媒编辑记者/视觉包装/融媒技术工程师/网络运维工程师/电子技术工程师,其他类型企业
673,区域服务工程师,其他类型企业
674,量化研究员/C++开发工程师/python开发工程师/高性能计算机工程师/前端开发/量化数据工程师/量化交易员/市场经理/市场运营经理,金融企业
675,标定工程师/过程设计工程师/混合动力开发工程师/信息化工程师/设备工程师,工业科技企业
676,软件开发工程师/大数据分析师/5G网络工程师/政企项目交付经理（售前解决方案培养方向）/动力工程师/项目经理（大数据、物联网、云计算、医疗、教育、工业互联网方向）/政企行业营销专家/推广营销岗（设计、产品经理)/财务稽核岗,互联网科技企业
677,研发助理,工业科技企业
678,业务职能类岗位/技术类岗位/维修类岗位/运行类岗位,其他类型企业
679,技术研发类/农艺类/互联网IT类/管理类/营销风控类,工业科技企业
680,营销岗,其他类型企业
681,航天火工品技术岗/航天信息技术岗,工业科技企业
682,人力资源管理助理\财务管理助理\空管设备系统保障与开发工程师\气象预报观测工程师,专业技术服务企业
683,机械/光学/软件/算法,互联网科技企业
684,助理运行工程师/助理设备工程师/助理仪控工程师/ 助理电气工程师/财务专员/ IT 工程师/安全工程师/环保工程师/ 采购专员/人力资源专员,工业科技企业
685,宣传文秘/人力资源/纪检法务/财务管理/土地规划/城市规划/设计管理（机电方向/建筑方向/园林景观方向）/工程管理/成本造价/工程测量测绘技术/工程检测监测/结构检测与加固设计/岩土工程勘察/岩土设计与咨询/3D打印材料研发等等,金融企业
686,后端工程师,互联网科技企业
687,信息技术/规划财务/法务/航空医师/管培生/乘务员/数字化精英人才,其他类型企业
688,“实赣菁才”管培生/系统开发岗/数据模型岗/项目审查岗/“实赣青年”培训生/通用岗,金融企业
689,通信导航监视岗位及气象设备维护岗位/气象预报观测岗位,专业技术服务企业
690,技术类岗位（后端开发、前端开发、数据开发、算法等）/ 产品类岗位（产品经理、产品运营、数据运营等）/AI研发工程师 /算法研究员 /JAVA研发工程师/系统工程师 /产品经理 /前后端技术开发工程师 /大数据开发工程师 /市场运营/产品经理 /产品运营 /客户经理 /数据工程师/产品经理 /产品开发等,互联网科技企业
691,公务员机关单位综合管理岗/公务员机关单位技术岗/公务员机关单位研究分析助理岗,其他类型企业
692,营销管培生,金融企业
693,行业研究助理/固收研究助理/FOF研究助理/机构渠道助理/互联网电商运营/投顾算法研究助理/固收交易员/银行/券商渠道助理/基金注册登记/基金清算/办公室综合秘书岗,金融企业
694,管培生/研发类/职能类,互联网科技企业
695,通信导航监视岗/气象设备维修维护岗/委托培养空中交通管制学员,专业技术服务企业
696,总行管培生 /总行部门定向生（金融市场方向/风险管理方向/职能管理方向）/总行信息技术部定向生（软件开发方向/数据分析方向/系统管理方向/信息安全方向）/分行管培生 /分支行管培生（风险管理方向） /分行信息技术培训生 /营销培训生（公司金融方向/小微金融方向/零售金融方向） /运营培训生（综合柜员方向）,金融企业
698,软件研发工程师（Java/C++/Golang）/计算机视觉算法工程师/算法工程师（调度优化）/定位导航算法工程师,互联网科技企业
699,亚太销售培训生/亚太财务培训生/亚太技术培训生/软件研发工程师,其他类型企业
700,算法工程师/高压工程师/嵌入式工程师/软件工程师等,互联网科技企业
701,产品类/设计类等,互联网科技企业
702,分行营销精英培训生/分行金融科技类,金融企业
703,飞行器总体设计师/部件总体设计师/机械结构工程师/自动控制工程师/嵌入式硬件工程师/嵌入式软件工程师/数字逻辑工程师/光学系统工程师/JAVA工程师/图像算法工程师/系统测试工程师/质量工艺工程师/标准化工程师,互联网科技企业
704,研发类/职能类/市场类等,工业科技企业
705,开发工程师/产品助理/业务代表/党务工作岗/人力资源专员/财务岗,互联网科技企业
706,软件工程师/ 产品需求分析师/ 财务岗 /人力资源岗 /品牌岗 /营销岗 /产品开发岗 /企划推广岗 /运营岗,互联网科技企业
708,研发工程师/设备工程师/工艺工程师,工业科技企业
709,投资研究经理/金融科技经理,金融企业
710,电气开发/驱动软件开发/机构开发/激光头开发/电气工程师/机构工程师/软件工程师/日语营销,互联网科技企业
711,业务类/ 专业类/运行类,其他类型企业
712,业务拓展类/技术研发类/财务审计类/行政职能类,其他类型企业
713,通信组网设计师/指挥控制软件研发设计师/指挥控制软件架构师/,研究机构
714,通信工程师/软件工程师/硬件工程师/天线工程师/结构工程师,互联网科技企业
715,管理培训生/IT校招生,互联网科技企业
717,雷达电子战仿真工程师/通信仿真工程师/C++研发工程师/技术支持工程师（电磁方向、通信和网络方向）/ 销售工程师,互联网科技企业
719,软件开发工程师/前端开发工程师/数据研发工程师/测试开发工程师/用户体验设计师/智能运维研发工程师,互联网科技企业
720,职能类/营销类/技能类,其他类型企业
721,金融科技类岗/业务拓展类岗/管理支持类岗,金融企业
722,工程规划/工程设计/工程咨询/工程测量/信息管理/运维保障/科学研究/工程管理,研究机构
723,营销管理类/精算类/金融科技类/管理培训生类/战略管理类/营销与服务类/运营管理类等,金融企业
724,硬件工程师/逻辑设计工程师/Java开发工程师/C|C++开发工程师/算法工程师/Web前端工程师/测试工程师/运维工程师,研究机构
725,研究/投资/交易/承揽/承做/销售/客户关系管理/财富管理,金融企业
726,FPFA工程师/射频工程师/天线设计工程师/电路系统工程师/软件工程师/DSP开发工程师/嵌入式工程师/系统总体设计师/UI设计师/系统设计师助理/射频工程师助理/人力资源管理专员,互联网科技企业
727,设计管理/综合管理/土建质安/机电管理等,其他类型企业
728,市场营销/工程客服/工艺制造/标准算法研究/5G规划优化工程师,互联网科技企业
729,技术研发岗/职能岗/产品岗/海外岗/营销岗,互联网科技企业
730,网络安全技术研究类/密码研究类/软件开发类/硬件开发类/产品测试类/结构设计类/职能类,研究机构
731,实习老师/教辅老师,专业技术服务企业
732,通导人员,其他类型企业
733,设备工程师Field ServiceEngineer/工艺工程师FieldProcess Engineer,工业科技企业
734,研发工程师/自动化运维工程师/安全管理工程师,金融企业
735,可测性设计工程师/算法工程师/UI设计工程师/软件开发工程师/硬件工程师等,互联网科技企业
736,市场营销类/产品运营类/综合职能类/技术类等,其他类型企业
737,评估咨询项目助理岗/ 管理咨询项目助理岗/ 招标代理项目助理岗 /造价咨询项目助理岗 /财务管理专员岗,工业科技企业
738,软件研发类/硬件研发类/产品设计类/职能类,互联网科技企业
739,半导体材料研发/封装研发/制冷研发/芯片研发（助理）/厂务特气工程师,互联网科技企业
740,民生保险实习生/“雏鹰”培训生,金融企业
741,销售主管 /外贸业务员/ 行业研究/ 机械制图/ 中国铁塔市级管理辅助人员(椒江）/ 铁塔共享换电柜运营管理/ 中国铁塔管理辅助人员（温岭）/ 无人机总体设计/ 无人机燃油系统试验 /无人机动力系统试验 /项目管理 /项目工程师 /文员等,社会企业
743,赢销干将（营销管理/人力/策划/事务/客户关系）,金融企业
744,营销管理/汽车研发/制造技术/质量管理/采购管理/信息管理/财务管理/人力资源/纪检监察/审计法务,生活类企业
745,研发类/制造类/营销类/职能类,其他类型企业
746,营销管理储备干部/海外营销管理储备干部/后台管培生,互联网科技企业
747,雷达电子战仿真工程师/通信仿真工程师/光电和红外仿真工程师等,互联网科技企业
748,研发工程师（java）/软件实施工程师/软件测试工程师,互联网科技企业
749,成都地区营业部综合业务岗/雅安地区营业部综合业务岗,金融企业
752,软件开发/硬件开发/产品设计/产品工艺/工程设计/工程技术支持/产品调试测试等,其他类型企业
754,专利代理工程师,人文知识企业
755,设备（信息系统）运维管理/ 技术开发,互联网科技企业
756,事业单位招聘123人/各类院校招聘23人,其他类型企业
758,关于自贡市2022年部分企事业单位赴高校招聘急需紧缺人才的公告,社会企业
759,金融科技岗/风险建模岗/业务运营岗/产品设计岗/管培类/征信管理岗/智能风控管理岗/行研分析岗/数据分析岗/风险经理/风险评审岗/风险策略岗/数据分析岗/放款管理岗/数据工程岗,金融企业
760,硬件工程师/射频电路设计/射频调试工程师/微波天线设计工程师/FPGA工程师/嵌入式软件工程师/图像算法工程师等,互联网科技企业
761,助理硬件开发工程师,金融企业
762,感知算法工程师（深度学习方向）/感知算法工程师（融合预测方向）/决策规划算法工程师/行为预测算法工程师/C++开发工程师/后端开发工程师/仿真工程师/测试开发工程师,互联网科技企业
763,研发类/产品类/自动驾驶类/运营类/销售类/职能支持类,互联网科技企业
764,公司业务应届生岗（市场营销方向）/公司业务应届生岗（投资银行方向）/公司业务应届生岗（交易银行方向）/公司业务应届生岗（培训生方向）/零售业务应届生（私行财富方向）/零售业务应届生（综合金融方向）/零售业务应届生（运营管理方向）/零售业务应届生（培训生方向）,金融企业
766,电气工程师/结构工程师/硬件工程师/软件工程师/仿真工程师/电池工艺/项目经理/,互联网科技企业
767,正编教师,其他类型企业
768,电气工程师/热能工程师/热控工程师,高新技术企业
770,应用研发和测试类/应用研发和测试类/系统运维类/系统运维类/信息安全类,金融企业
771,“美丽四川·创业天府”2021年四川人才活动周,教育单位类
773,亚太销售培训生/亚太财务培训生/现场服务工程师/软件研发工程师/项目工程师实习生/MES工程师实习生/现场服务助理工程师实习生/软件开发实习生/软件测试实习生/前端开发实习生/后端开发实习生/OT开发实习生等等,其他类型企业
775,FAE现场应用工程师/模拟IC版图设计工程师/模拟集成电路设计工程师/SoC集成电路逻辑设计工程师/运维工程师(主机方向)/运维工程师(网络方向)/运维工程师(信息安全方向),互联网科技企业
776,高级光学工程师/光学工程师/激光应用/软件工程师/硬件工程师/机械结构/销售/技术支持/光学测试工程师,其他类型企业
778,技术支持工程师/算法工程师（通信信号处理）/算法工程师（雷达信号处理）/微波射频工程师/软件工程师（QT/C++）/软件工程师（C#/WPF）/NPI工程师/硬件工程师/逻辑工程师（信号处理）/逻辑工程师（架构设计）/销售工程师,互联网科技企业
779,算法工程师/产品工程师/用户界面开发工程师/系统工程师等,互联网科技企业
780,计算机类/经济金融类/信息安全类/管理类,互联网科技企业
781,结构设计工程师/强度工程师/电气工程师/飞控算法工程师/通信导航工程师/实验测试工程师,工业科技企业
782,产品光学设计岗/产品电路及软件设计岗/产品试制光学设计岗/产品试制整机装调工艺设计岗/产品电路硬件调试及设计岗/红外检测技术研究/硬件调试工程师岗/光电系统装调工艺设计岗/光学系统装调工艺设计岗/光机系统装调工艺/智能制造岗/信息化岗设计岗/,互联网科技企业
783,汽车研发（北京/上海)/自动驾驶（北京/上海)/智能与信息技术（北京/上海） /生产制造（北京/江苏常州） /供应链（北京/上海/江苏常州/四川绵阳） /用户质量（北京/江苏常州）/用户与市场（北京）/充电网络（北京）/市场与销售服务（北京/上海/重庆/广州/深圳/杭州/成都/武汉）/综合管理（北京&amp;amp;上海&amp;amp;常州）/职能（北京&amp;amp;上海&amp;amp;常州）,生活类企业
784,研发类/ 临床工程师 /注册工程师 /硬件工程师 /FPGA工程师 /算法软件工程师 / 应用软件工程师/ MEMS研发工程师 / 传感器研发工程师 /系统测试工程师 /导管研发工程师（材料方向） /导管研发工程师（结构方向）,互联网科技企业
785,前端、后端开发工程师 /信号研发工程师（ATS方向)/信号研发工程师（车载方向)/销售专员/信号技术工程师（工程方向）/信号技术工程师（运维方向）/人力资源专员/核算会计专员,其他类型企业
787,Java开发工程师,研究机构
789,产品管理岗/规划管理岗/产品经理岗/系统运维岗/测试工程师等,金融企业
790,临床医学生/营销培训生/技术培训生/IT培训生,医疗科技企业
793,硬件类岗位/软件类岗位,工业科技企业
794,营销管理类/信息技术类/财务管理类/招标采购类/法务风控类,金融企业
795,总行员工储备生/总行科技储备生/分支机构员工 /分支机构,金融企业
796,编辑记者/美术编辑,其他类型企业
797,专家系统研发/软件开发/算法工程师/大数据工程师,工业科技企业
799,工程管理及项目运营类 /数据与信息类 /设计研发类 /资金类 /流程管理类 /财务类 /人力行政计划类等,金融企业
800,技术专家/运营专家/ 管理/技术培训生,生活类企业
802,机械工程师/软件工程师/电子工程师/电气工程师/算法工程师/销售工程师,互联网科技企业
803,算法/软件开发工程师,互联网科技企业
804,总行管理培训生/分行管理培训生/总行信息技术岗/营运中心运营支持岗/网点综合服务岗,金融企业
805,管理培训生/科技金融培训生/综合营销培训生,金融企业
806,交通运输类/金融学类/经济学类 机械/电气及自动化类/电子信息类/计算机类,金融企业
808,硬件工程师/测试工程师/FPGA工程师/嵌入式软件工程师/嵌入式软件工程师/系统硬件工程师/卫星综测软件工程师 /卫星姿轨控算法工程师 /卫星姿轨控软件工程师/载荷系统测试工程师/载荷系统工程师/卫星遥感工程师,互联网科技企业
809,信号完整性工程师,工业科技企业
810,公司总部岗位/财富分支机构岗位,金融企业
811,硬件及软件工程师/机械结构工程师/产品测试工程师,互联网科技企业
812,Android系统开发工程师/ Android驱动开发工程师/ Android应用开发工程师/ 嵌入式开发工程师/ 结构开发工程师/ 硬件开发工程师/ JAVA开发工程师/ 工具开发工程师/ 项目管理工程师/ 认证工程师/ 硬件测试工程师/ 软件测试工程师/ 产品工程师/ 销售工程师/ 售前技术支持工程师/ 售后技术支持工程师/ 海外技术支持工程师/ 海外商务专员/ 市场专员/ 商务专员/ 客服专员/ 人力资源专员/ 项目申报专员/ 财务专员/ 采购工程师/ 物料计划工程师(PMC)/ 品质工程师/ 工程技术工程师/ 资材管理工程师/ 生产管理工程师,互联网科技企业
814,硬件研发/软件研发/算法/光电设计/信息系统开发/测试岗/销售岗/职能岗,研究机构
815,创新产品支撑经理/软件开发工程师/数据挖掘工程师/无线网络优化工程师/云网工程师/通信电源专业工程师/财务岗/法律岗/人力资源岗等,互联网科技企业
816,研发工程师 /助理研发工程师 /工艺工程师/ EHS工程师 /质量工程师 /检测分析工程师 /设备工程师/ 电气/电仪工程师 国内销售代表 国际业务代表 国际客服专员 /采购工程师 /土建工程师/ 财务管理 /法务专员/ 证券事务专员等,工业科技企业
818,业务分析师/业务经理,其他类型企业
819,运营管培生/数字营销管培生/财务管培生/HRBP管培生/技术创新中心管培生等,互联网科技企业
820,客户经理/投资经理/产品经理/信贷管理/风险管控/发放审查等/综合柜员,金融企业
821,密码与网络安全工程师/安全分析工程师,互联网科技企业
822,专利审查员,人文知识企业
823,财务/人力资源管培生/信息化专员/风控专员/QA工程师/生产测试工程师,互联网科技企业
825,软件算法/机械设计/电子系统等的研发岗位,其他类型企业
826,土地业务方向/金融投资方向/工程管理方向/法律事务方向/数据信息方向/财务审计方向/商务贸易类/研发类,其他类型企业
827,计算机类/工商管理/公共管理等,其他类型企业
829,中小学教师,教育单位类
830,城乡规划/建筑/土木/经济管理/水利/风景园林/交通/新能源/计算机/法学,研究机构
831,在编初中教师,教育单位类
832,生产工艺工程师/设备技术工程师/产品研发工程师,其他类型企业
833,管理培训生岗位\金融科技类岗位\综合柜员岗位,金融企业
834,算法类/工程技术类,互联网科技企业
835,大数据实习生/Java开发实习生/产品运营实习生,生活类企业
836,管理类 /文旅工程类/ 经济金融类 /文史类 /新闻传播类 /数字IT类 /其它类,金融企业
837,管理培训生/信息科技类/会计运营类,金融企业
838,药物合成研究员/有机合成助理研究员/药物分析助理研究员/有机合成实验员,医疗科技企业
839,材料加工工程 /材料类 /力学类/ 动力工程及工程热物理 /机械类/ 电气类/ 自动化类等,其他类型企业
840,技术类 /营销类/ 运营类 /职能类,工业科技企业
841,电气类/计算机类/通信类/机械测控类/环境化学类/热能动力类/市场营销类/工程管理类/土建水文类/勘测类/物流管理类/工商管理类/公共管理类/经济类/财会审计类/法学类/新闻类/语言文学等,其他类型企业
842,硬件开发/硬件测试/模块导入/器件开发/光学设计/器件工艺/元器件开发/产品测试/工艺工程/EMC工程师,互联网科技企业
843,新媒体采编/惠农项目专岗/数据管理/资金管理 /核算会计/人力资源管理/工艺工程管理/纪律检查/文创业务策划/营销策划/网络运维/软件开发/业务教师/综合管理 /经营管理 等,其他类型企业
844,土建管理/成本管理岗/招标采购岗/财务管理岗/建筑设计岗/精装设计岗/景观设计岗/研策岗/招商岗/运营岗/推广岗,其他类型企业
845,Java/C++/前端开发/运维/安全/搜索研发工程师,金融企业
846,FPGA工程师/嵌入式软件工程师/硬件工程师/软件工程师,互联网科技企业
847,研发工程师/传热工程师/系统工程师,金融企业
849,客运营销岗/综合事务岗,其他类型企业
851,软件研发工程师/前端开发工程师/软件测试工程师/助理保险软件产品经理,互联网科技企业
852,财务咨询师,专业技术服务企业
853,管理类,其他类型企业
854,兽医/养殖技术管培生/生产储备干部/饲料营销管培生/食品营销管培生/零售管培生/职能管培生/人力储备干部/财务储备干部,生活类企业
855,小学语文教师/小学数学教师/小学英语教师/初中语文教师/初中数学教师/初中英语教师/高中语文/高中英语/高中数学/机器人教师/AP教师,教育单位类
857,财务管理/审计岗/行政文秘等,社会企业
858,市场经理/信息化咨询师/IT架构师/信息化工程师/通信设计咨询师/设计工程师/通信技术工程师/暖通工程师/电气工程师/客户经理（市场营销及投标方向）/产品经理/软件开发工程师/法务专员/Java开发工程师/网络安全工程师/产品需求工程师/系统工程师/Web前端开发工程师/网络通信工程师/项目经理/电源动力工程师/综合管理/人力资源管理/物业管理/会计/招标项目经理/计算机工程师,互联网科技企业
859,投资经理 /分析师,金融企业
860,教学人员,互联网科技企业
861,橙光培训生（公司业务方向）/产品经理方向/零售培训生,金融企业
862,区块链开发工程师/研发工程师（科研岗）/前端开发工程师/后端开发工程师（Java、C++、Golang、Python）/商务/售前技术支持/区块链运营,互联网科技企业
863,航天火工品技术岗,工业科技企业
865,机械工程师/动力工程师/液压工程师/电气工程师/控制工程师/销售经理/焊接工艺师/装配工艺师/供方开发工艺师/标准化工程师/海外销售经理/法务/品牌管理专员/生产管理/精益生产管理/采购管理/安全工程师/设备工程师/质量体系管理/会计,工业科技企业
866,技术类/研发类/生产类,其他类型企业
868,研发（前端开发）/研发（JAVA开发）/产品类 /设计类/信息安全类,工业科技企业
869,猎头管培生/RPO管培生/外包管培生,社会企业
870,算法工程师/软件工程师/逻辑工程师/系统测试工程师/功放工程师/射频工程师/PCB Layout工程师/天线工程师/数字硬件工程师/滤波器工程师/电源工程师,互联网科技企业
871,信贷管理岗/风险管理岗,金融企业
872,AI工程师/嵌入式开发/嵌入式驱动/Windows软件开发工程,互联网科技企业
873,软件研发工程师/数据分析师/人口研究员/运维工程师/业务运营专员/初级测试工程师/产品专员,互联网科技企业
874,管培生/网络维护/无线网建维工程师/财务/经营管理/互联网技术及应用/宽带接入网项目经理/市场营销管理/政企市场策划等,互联网科技企业
875,工艺工程师/车辆工程师/机械工程师/制造工程师/质量工程师,生活类企业
876,物理层算法工程师 /网络算法工程师/ 数字信号处理工程师 /嵌入式软件工程师/射频工程师/嵌入式硬件工程师/技术支持工程师/系统测试工程师/客户经理,互联网科技企业
877,工程/商务/法务/行政/人力资源管理,其他类型企业
878,电子信息工程师/计算机工程师/通讯工程师等,金融企业
879,IC设计工程师/IC前端实现工程师/FPGA设计工程师/嵌入式软件开发工程师/模拟设计工程师/数模混合设计工程师/模拟版图工程师/芯片验证工程师/嵌入式开发工程师/Linux系统开发工程师/应用开发工程师/CAD/EDA工程师,互联网科技企业
880,机械工程师/ 机器人控制算法工程师（轨迹规划）/ 机器人控制算法工程师（力控方向）/ 软件测试工程师/ 软件开发工程师（工业通讯）/ 拍摄剪辑师/ 节卡智能-自动化工程师/ 机械臂离线编程仿真平台开发等,互联网科技企业
881,数控软件开发工程师/数控平台开发工程师/嵌入式软件工程师/数控系统综合应用测试工程师/产品硬件测试工程师/数控系统产品研究工程师/自动化软件开发工程师/自动化应用开发工程师/数控系统应用工程师等,金融企业
882,研发设计/信息技术,其他类型企业
883,产品经理/信息安全工程师/JAVA开发工程师/前端开发工程师/中间件开发工程师/测试工程师/产品运维/算法工程师/战略规划/财务专员等,互联网科技企业
884,设计师/品牌培训生/媒介培训生/数字营销培训生/包装工程师/研发工程师/消费者洞察/销售培训生/稽核专员/外贸助理/电商运营/电商整合营销/电商数字化运营/电商通路行销/销售系统管理/O2O运营/销售执行/行销专员/法务专员/人资专员/产品培训生/感官与消费者洞察/软件开发/供应链数据分析/质量培训生/生产储干/蒸馏师/电气/机械培训生/中试工程师/调酒师,其他类型企业
885,战略储备生,金融企业
887,研发岗,其他类型企业
888,2022百威亚太技术与数据分析管理培训生（TMT）校园招聘,专业技术服务企业
889,电子信息技术/智能制造、装备研发/材料检测技术/光电技术研究/复合材料技术等,研究机构
890,“国资骐骥”应届生招聘,其他类型企业
891,对日软件研发/对日软件设计/对日软件测试,互联网科技企业
892,C++算法工程师,互联网科技企业
894,技防部工作员/项目管理工作员/法务工作员/审计工作员/综合部工作员,其他类型企业
895,整车研发类/智能制造类/市场营销类/其他职能类,生活类企业
896,智能制造/软硬件开发/产品策划/市场营销/行政管理,互联网科技企业
897,研发技术类/互联网IT类/职能管理类/市场营销类,工业科技企业
898,C++开发工程师,互联网科技企业
899,数据融合技术方面助理研究员/大数据操作系统助理研究员/大数据应用方向助理研究员/传感器数据融合开发工程师/知识图谱开发工程师/区块链应用工程师/大数据和人工智能领域开发工程师/JAVA开发工程师/信息安全领域工程师/前端开发工程师,研究机构
900,C++开发工程师\JAVA开发工程师 \前端开发工程师\测试工程师\UI设计师\UE设计师\实施工程师\产品工程师\建模工程师\营销管理岗,互联网科技企业
901,研发工程师（3个研发方向）/测试工程师/技术支持工程师（FAE）/系统应用工程师,互联网科技企业
902,医药研发类/质量类/生产技术类/采购类/机械电气类/物流类/EHS类/市场准入类/医学市场类/营销类/销售支持类/人力行政类/法务类/财务类/金融类,医疗科技企业
903,教师岗位,其他类型企业
904,保利商业管培生,专业技术服务企业
905,KING计划管培生-产品研发/KING计划管培生-游戏定向/KING计划管培生-市场运营,互联网科技企业
906,技术销售培训生,专业技术服务企业
907,研发工程师/销售工程师/检测工程师,工业科技企业
908,JAVA开发工程师/ABS项目管理岗/前端开发工程师/数据开发工程师,金融企业
909,电子信息类培训生,其他类型企业
910,智能网联/自动驾驶/研发设计/制造与质量/人力资源/财务管理/物流管理/三电开发,工业科技企业
911,安全主管/财会税务/船舶驾驶员/档案管理/工程主管/环保主管/技术主管/文体干事/轮机员/企业管理/人力资源管理/软件开发工程师/审计员/生产管理/食品卫生监督员/通讯工程师/文秘宣传/记者/项目经理/信息化管理工程师/策划运营,其他类型企业
912,数字化方向/技术支持方向/产品市场方向/战略方向/财务方向/人力资源方向/技术销售方向/技术支持方向/产品市场方向/数字化方向/嵌入式软件方向/电子方向/机械设计方向/工业化方向/测试方向/质量方向/工艺方向/计划方向/采购方向等,工业科技企业
913,路桥方向/房建方向/给排水方向/材料方向/安全方向/造价方向/能源方向/行政文秘方向/人事方向/法务方向/物流管理方向/档案管理方向/财务类方向/证券方向/审计类方向/室内设计方向/环境园林设计方向/计算机信息方向/机电方向/营销方向/文旅规划方向/投资方向,金融企业
914,控制 工程师/物联网 工程师/嵌入式 工程师/维护 工程师图像识别 工程师/物联网平台 软件工程/ 软件开发 工程师/管理 培训生,医疗科技企业
915,软件开发工程师/安全运维/网络运维工程师/项目助理/实施工程师,生活类企业
917,销售储备干部\生产供应链储备干部\产品研发储备干部\财务储备干部\职能类储备干部,其他类型企业
918,管培生/产品研发类/市场/运营类,互联网科技企业
919,设计员/应用系统开发员/工艺技术员/检验技术员,工业科技企业
920,导航算法工程师/机器人控制算法工程师/AI产品经理/软件工程师/JAVA开发工程师/UI视觉设计师/品牌专员 /财务专员/法务专员/采购执行工程师/生产采购工程师/ 电子工程师,互联网科技企业
921,总行管理培训生 /定向培养类（含零售金融/公司金融/投资银行/风险管理/法律合规/人力资源/财务会计/党务建设方向)/金融科技类等,金融企业
922,游戏研发工程师/运维工程师/游戏分析师/游戏策划师/广告专员/运营专员/营销策划专员/人力资源专员,互联网科技企业
923,管理培训生/信息科技岗/营业网点业务岗,金融企业
924,研发中心/ 智能制造中心/工程技术中心/供应链与运营/职能方向/市场营销中心,其他类型企业
925,集成电路研发类/数字前端设计/数字验证/固件工程师/C++工程师,互联网科技企业
926,软件研发工程师/web全栈工程师/测试开发工程师,互联网科技企业
927,企划宣传,互联网科技企业
928,成本招采/工程管理/研发设计/财务融资/运营品质/行政管理,专业技术服务企业
930,软件研发工程师/软件测试工程师/硬件研发工程师/RF硬件设计工程师,互联网科技企业
933,图像处理算法工程师 /C++软件工程师/嵌入式软件设计,互联网科技企业
934,冲压工艺工程师/焊接工艺工程师/产品工程师/质量工程师/项目工程师/制造工程师,工业科技企业
935,芯片设计工程师/系统架构师/深度学习研究员/C++后端开发工程师/高级结构设计工程师等,教育单位类
936,食品工艺研发岗 /会计岗 /生产一线管培生/ 销售一线管培生,其他类型企业
937,自动化工程师/工艺工程师/产品工程师/生产主管/供应链开发专员/物流专员/关务专员/EHS工程师,医疗科技企业
938,客户助理/项目助理/评审助理/党群工作岗/行政助理,其他类型企业
939,信息技术部开发经理/固定收益研究部研究员/多元资产管理部研究员/交易部交易员/产品规划部助理产品设计师/互联网金融部运营经理助理/市场部机构中台助理/基金运作部基金会计助理/基金运作部运营会计助理,金融企业
940,人保财险-总公司-信息技术类条线-系统开发岗/人保财险-总公司-信息技术类条线-质量保障岗,金融企业
941,制造培训生,生活类企业
942,IC工程师（青岛、西安、上海）/嵌入式软件工程师（青岛、西安）/硬件工程师/C++/Java /Android/IOS软件开发工程师（青岛、西安）/算法工程师（青岛、西安）/FPGA工程师/嵌入式软件工程师/硬件工程师/区域销售经理/技术支持工程师,其他类型企业
943,信息化专员,工业科技企业
944,电气类/计算机类/通信类/工程管理类/机械测控类/土建水文类/市场营销类/物流管理类/环境化学类/热能动力类/财会审计类/法学类/经济类/工商管理类相关专业,其他类型企业
945,万联证券“星秀计划”管理培训生,金融企业
946,数据发掘工程师,研究机构
947,软件研发/工程技术/项目管理/智权法务/市场运营/大数据,其他类型企业
949,软件开发实习生 （西安/成都/上海）,互联网科技企业
950,管培生（财务方向） /财经编辑/ Web前端开发工程师 /性能测试工程师 /PHP工程师 /AI算法开发工程师 /Java工程师/ 金融理财师等,金融企业
951,数据开发工程师实习生,金融企业
952,软件研发/硬件研发/工程运维/技术研究/工程设计/工艺设计,其他类型企业
953,项目经理岗/项目发行岗/项目督导岗/分析师岗/机构销售岗/助理咨询师岗等,金融企业
954,专利工程师/商标代理人助理,人文知识企业
955,数字设计工程师/数字验证工程师/硬件开发工程师/固件开发工程师/测试、测试开发工程师/自动化开发工程师/软件系统工程师/Linux平台驱动工程师/嵌入式软件开发工程师/售前、售后技术支持工程师/后端技术支持工程师/产品运营/招聘助理/行政,互联网科技企业
956,专业技术岗位,政府企业
957,硬件工程师/软件工程师/算法工程师/结构工程师/电路设计工程师/FPGA工程师/测试工程师/微组装工程师/可靠性工程师/传感器工艺工程师（懂焊接）/微电子工艺工程师/销售工程师/管培生,互联网科技企业
959,管理咨询顾问/研究员/客户经理类,专业技术服务企业
960,产品摄影剪辑,专业技术服务企业
961,Java/web/C++实习生,互联网科技企业
964,理论研究/系统设计/电路设计/信号处理/天线设计/软件开发/结构设计/职能管理/电波观测,研究机构
965,助理猎头顾问/猎头实习（专注于金融高端人才招聘）,专业技术服务企业
966,资本运营领袖生/监察领袖生/运营领袖生/招采领袖生/成本领袖生 /工程领袖生/ 投资领袖生 /财务领袖生 /客研领袖生/行政领袖生 /人力领袖生 /法务领袖生营销榜样生等,其他类型企业
967,射频IC集成电路工程师／模拟IC集成电路工程师／web前端开发工程师／大数据开发工程师／软件测试工程师／后端开发工程师／硬件工程师／结构工程师／项目经理／嵌入式软件工程师／软件工程师／数字芯片设计工程师／RTL验证工程师／芯片应用开发工程师（嵌入式软件）／通信算法工程师／GNSS基带工程师／GNSS算法工程师／信号处理工程师／优化算法工程师／芯片系统测试工程师／编译器工程师／芯片设计AI算法工程师／算法工程师／软件工程师／解决方案软件开发工程师／协议栈开发/通信协议工程师／工具软件研发工程师／FAE,互联网科技企业
968,投资发展类/ 设计管理类/ 工程管理类/ 营销管理类/ 运营管理类/ 风控合规类/ 数字科技类/ 管培生岗位等,金融企业
969,采购专员,互联网科技企业
970,客户经理/运营专员/项目助理,专业技术服务企业
971,投资研究类 /金融衍生品类/ 投资银行类 /机构业务类 /合规风控类 /财务资金类/ 运营管理类 /纪检监察类 /大数据类/ 人工智能类 /软件开发类/ 网络安全类,金融企业
972,销售员/销售助理/行政助理/软件工程师/设备工程师/财务运营管理/质量管理员/采购助理/验收员,医疗科技企业
973,网络安全技术研究类/软件开发类/硬件开发类/产品测试类/结构设计类/密码研究类/职能类,研究机构
974,开发类实习生/运营类实习生/综合类实习生,互联网科技企业
975,管培生/业务岗,金融企业
976,投资发展方向 /经营发展方向 /客服管理方向/ 财务管理方向 /人力资源方向,其他类型企业
977,雷达总体设计师/信号处理设计师,其他类型企业
978,综合管理类/市场营销类/柜面操作类,金融企业
979,机械工程师/软件/算法工程师/硬件工程师/销售,医疗科技企业
980,售前工程师,互联网科技企业
981,研发工程师（图像算法/结构/硬件/应用软件等）/职能岗/营销岗/技术支持岗/供应链岗,互联网科技企业
982,软件开发工程师/模拟电子工程师/数字电子工程师/机械设计工程师等,互联网科技企业
983,市场经理/信息化咨询师/IT架构师/信息化工程师/通信设计咨询师,工业科技企业
984,标准化技术研究/质量管理研究/可靠性与质量检测/产品工程研究/元器件技术研究/检测试验技术研究/大数据与信息化建设,研究机构
985,校园大使/iOS开发工程师/Android开发工程师/Web开发工程师/软件开发工程师-C/C++方向/软件开发工程师-Golang方向/软件开发工程师-云原生方向/边缘计算开发工程师/分布式系统开发工程师/搜索算法工程师/AI算法工程师/AI系统工程师/多媒体开发工程师/存储开发工程师/安全开发工程师/网络通信开发工程师/无线通信开发工程师/Linux系统开发工程师/Linux驱动开发工程师/运维开发工程师/软件测试工程师/产品经理-软件方向/平面设计师/交互设计师/产品经理-硬件方向/工业设计师/硬件工程师/电路设计工程师等,互联网科技企业
986,初级算法工程师,互联网科技企业
987,管理培训生/业务管理岗/柜员岗,金融企业
988,C/C++/嵌入式软件开发/应用软件开发/Web开发工程师,工业科技企业
989,射频工程师/硬件工程师/FPGA工程师/嵌入式软件工程师/调试工程师/,互联网科技企业
990,通信类/建筑类/信息化及其它/管理培训生,研究机构
991,信贷管理岗,金融企业
992,科技类管培生,金融企业
994,助理应用工程师- OPC /助理应用工程师- DFT/助理应用工程师- DVT,互联网科技企业
995,研发工程师/工艺工程师/工艺整合工程师/设备工程师/测试工程师/硬件工程师/质量工程师/软件开发工程师,工业科技企业
996,嵌入式软件开发工程师/售前支持工程师（国内/国际）/用户服务工程师（国内/国际）,医疗科技企业
997,助理交易系统开发/基金市场管培生/基金运营管培生/行政人事管培生,金融企业
998,研发/工艺/质量工程师,互联网科技企业
999,电气工程师/机械工程师/电子工程师/软件工程师/自动化工程师/销售工程师,互联网科技企业
1000,嵌入式软件开发工程师/硬件工程师/Linux软件工程师,互联网科技企业
1001,软件工程师/硬件工程师/FPGA,互联网科技企业
1002,集团管培生/专业技术培训生,金融企业
1004,产品测试/架构设计/人才培养及发展/大数据分析/程序开发,互联网科技企业
1005,前端开发工程师/Python开发工程师/产品经理/广告运营/新媒体运营,互联网科技企业
1006,飞行器修理工程师,工业科技企业
1007,售前产品经理/客户经理/市场类/技服安服类,互联网科技企业
1010,运维工程师/电气工程师/研发工程师,高新技术企业
1011,新零售管培生,其他类型企业
1012,三维重建算法工程师/ 网格处理算法工程师 /深度学习算法工程师 /3D打印算法工程师/ SLAM算法工程师 /三维模型设计算法工程师/ 机器视觉算法工程师 /C++开发工程师/ 前端开发工程师 / Golang后端开发工程师/ 电子硬件开发工程师 /嵌入式软件开发工程师 /FPGA开发工程师/ 机械结构设计开发工程师/ 材料配方工程师 /软件测试工程师 /硬件测试工程师/ 材料测试工程师 /交互设计师 /3D打印应用工程师 /中试结构工程师 /中试电子工程师 /产品经理储备岗 /研发项目管理储备岗/海外销售工程师 /销售工程师/ 技术支持工程师 /海外技术支持工程师 /数据分析师 /内容运营专员/ 线上推广专员 /市场营销专员 /视频剪辑师 /视觉设计师 /人力资源管培生 /海外会计/ 成本会计/ 科技发展专员 /商务专员/ 客服 /供应链管培生（采购/质量管理/工艺/体系/注册等多个方向/） 出口报关专员/ 进口报关专员/仓库管理员/ 采购工程师 /工艺工程师 /计划物控专员 /资产管理员,互联网科技企业
1014,计算机科学与技术/软件工程/信息与通信工程/电子与通信工程/电气工程/电力系统及其自动化等,工业科技企业
1016,生产技术管理类专业技术岗/工程建设管理类专业技术岗/软件开发与维护相关专业技术岗/综合管理相关专业技术岗,其他类型企业
1017,超透镜设计工程师/光学测试工程师/光学结构工程师/光学设计工程师/工艺工程师,互联网科技企业
1018,程序助理/策划助理/美术助理/视频设计助理/广告文案助理/国内广告投发助理/游戏运营助理/海外运营助理/海外广告投发助理/ios运营助理/PHP开发工程师/前端开发工程师,互联网科技企业
1019,技术研发类 /质量工艺类/ 报价类/ 招标采购类 /精益管理类/ 市场管理类 /市场营销类 /职能管理类/电气工程及其自动化/机械设计制造及其自动化/机械工程/法学、审计学、会计学/财务管理/人力资源管理/统计学/工业工程/财政学,其他类型企业
1020,C++开发工程师 /Web开发工程师/产品设计工程师/测试工程师/网络安全工程师/产品专员,互联网科技企业
1021,【组团】浙江-成都人才招聘会,其他类型企业
1022,管理培训生/信息科技类岗位/运营支持类岗位/业务营销类岗位,金融企业
1023,运营类管培生/职能类管培生/研发类管培生,互联网科技企业
1024,百威中国2022 销售管培生,其他类型企业
1025,科研技术类/职能管理类/市场类,互联网科技企业
1026,储备干部,其他类型企业
1028,JAVA开发/C++开发/前端开发/测试-偏基础测试/技术支持/产品经理,互联网科技企业
1029,游戏U3D开发工程师 /游戏服务器开发工程师 /游戏数值策划/游戏系统策划/3D模型/游戏UI设计师/3D动作 /3D特效/海外运营管培生等,互联网科技企业
1030,移动开发工程师/算法工程师/嵌入式开发工程师/平台开发工程师/测试工程师/大客户销售经理/质量工程师/产品专员等,互联网科技企业
1031,研发技术类/智能制造类/营销服务类/运营管理类/互联网 IT类等,其他类型企业
1032,软件研发/硬件研发等,互联网科技企业
1033,研发工程师 /检测工程师 /技术员/检测员 /工程储干/生产储干/销售工程师 /品质工程师/采购工程师/财务储干/人力资源储等,工业科技企业
1034,软件开发/数据分析/项目管理/系统维护/信息安全等,金融企业
1035,车辆工程/汽车电子/电子信息工程/机械工程/机械设计制造及自动化/智能制造等,生活类企业
1036,管理培训生/医学应用岗/科技创新岗/业务管理岗/专业职能岗等,金融企业
1038,投行业务类/投资研究类/财富管理类/金融科技类/财富管理类/投融资类/中后台职能类,金融企业
1039,游戏客户端程序/U3D游戏地编/游戏3D角色设计师/U3D游戏特效师/游戏3D动作设计师/游戏编剧,互联网科技企业
1040,金融经济类/财务会计类/市场营销类/IT类/管理类/理工科类,金融企业
1041,零售管理培训生,其他类型企业
1042,前端开发工程师/后端开发工程师/数据分析工程师/系统运营工程师/安全治理工程师/运维工程师/自动化运维工程师/专业研究岗/产品岗/商务拓展岗/市场营销岗/商务运营岗/财务岗/法务岗,其他类型企业
1043,IT类/数字统计类/产业相关专业类/经济金融类/财务会计类/法律类,金融企业
1044,软件/计算机视觉/光学工程师,互联网科技企业
1045,客户经理岗/综合柜员岗,金融企业
1046,C++储备开发工程师,互联网科技企业
1047,硬件开发工程师/嵌入式开发工程师/web前端工程师/安卓开发工程师/C应用开发工程师/Java开发工程师/工程技术工程师/海外销售工程师/海外交付工程师,互联网科技企业
1048,采编播岗位/ 营销运营类 /电视剧业务 /技术岗位,其他类型企业
1049,环境咨询助理顾问/助理科创工程师/市场咨询助理顾问/工程项目助理,工业科技企业
1051,业务经营/产业研究/核算管理/运营管理/java开发,工业科技企业
1052,管培生（项目开发方向/商务方向/工程类/造价方向/资产管理方向/电气设计方向/总图设计类/结构设计类/电力系统/财务金融方向/国际业务）,工业科技企业
1053,产品经理/产品运营/商务拓展/ 开发工程师/测试工程师,互联网科技企业
1054,管培生/非讲师岗位,互联网科技企业
1055,研发类/职能类/制造类/品质类,工业科技企业
1057,综合办公室综合文秘/运营管理部运营专员/法律事务部法律专员/人力资源部人力专员/党群工作部党务专员/新产业事业部运营专员等,金融企业
1058,中国铁塔2022年度校园招聘岗位,其他类型企业
1059,客户经理（销售）/技术人员/销售助理/商务,工业科技企业
1060,算法研究类/芯片设计类/系统平台类/产品文档类,互联网科技企业
1061,算法工程师/视觉工程师/深度学习工程师,互联网科技企业
1062,技术销售工程师轮岗项目TSE/现场技术应用工程师轮岗项目 （模拟方向）FAE(Analog),工业科技企业
1064,电工类 /电子信息类,工业科技企业
1065,应用验证和支持工程师/硬件研发助理工程师/软件研发助理工程师,工业科技企业
1066,售前咨询顾问/安全分析师/技术支持/安全研究员,互联网科技企业
1067,柜员/信息科技岗/管理培训生,金融企业
1068,总行公司金融岗/总行零售业务岗/ 总行金融市场岗/总行资产管理岗/总行运营渠道管理岗/总行财务会计岗/总行金融科技岗等,金融企业
1070,A计划管培生,其他类型企业
1071,技术助理（管培生/实习生）,互联网科技企业
1072,工程审计岗/ 企业管理岗（交通运输方向）/ 合约岗/ 解决方案/ 投资分析/ 养护工程师/ 助理工程师/ 人力资源助理/ 开发岗/ 行政人事岗等,其他类型企业
1073,商务管培生,其他类型企业
1074,营销管理类/讲师类/科技类,金融企业
1076,软件工程师（C++开发方向）/软件工程师（Java开发方向）/软件工程师（Web前端开发方向）,互联网科技企业
1077,软件开发类/软件测试类/硬件类/ IC设计类/算法研究类/客户支持类,互联网科技企业
1078,软件工程师/人事助理/法务专员/投资专员/电磁工程师/电气工程师/系统工程师/电机控制软件工程师/系统控制软件工程师/测试工程师/硬件工程师/设计师/研发管理工程师/质量工程师/机械工程师/设备工程师/焊接工程师/电气工程师/空调工程师/商务助理/项目助理/刀具工程师/机加工艺师,其他类型企业
1079,人力资源岗/综合事务岗/公共事务岗/行政管理岗/培训管理岗/经营管理岗/项目助理岗/数据分析岗/软件研发工程师,生活类企业
1080,管理培训生 /金融科技岗,金融企业
1081,封装工艺工程师 /芯片测试工程师/物料计划/生产计划工程师/质量工程师/设备工程师/IE工程师,互联网科技企业
0,测试工程师,其他类型企业
1,业务实施顾问,其他类型企业
2,人力资源管理,其他类型企业
3,IT工程师,其他类型企业
5,产品研发工程师,工业科技企业
6,工艺质量管理,其他类型企业
7,校园招聘HR,金融企业
8,产品研发,其他类型企业
10,车间主任助理,互联网科技企业
11,IC设计工程师,互联网科技企业
12,微波元件工程师,互联网科技企业
14,技术支持工程师,工业科技企业
15,工艺工程师,工业科技企业
16,IC测试工程师,工业科技企业
17,数字IC设计工程师,工业科技企业
20,销售员,互联网科技企业
21,产品检测工程师,工业科技企业
22,陈华,互联网科技企业
23,产品应用工程师,工业科技企业
24,人力资源管理专员,互联网科技企业
27,电子开关研发工程师,互联网科技企业
28,产品研发设计工程师,工业科技企业
29,电子组件研发工程师,互联网科技企业
31,材料研发工程师,互联网科技企业
34,产品设计师,工业科技企业
35,项目研发员,工业科技企业
36,电子工程技术员,工业科技企业
38,微波电路设计师,互联网科技企业
40,产品技术员,互联网科技企业
41,2022校招-软件研发岗,互联网科技企业
42,2022校招-技术开发岗,互联网科技企业
43,2022校招-职能市场类,互联网科技企业
44,设备管理,其他类型企业
48,航天行云（航天科工四院卫星总体单位）2022年度校园招聘,工业科技企业
49,核电工程师,其他类型企业
52,上位机软件工程师,互联网科技企业
53,销售工程师,互联网科技企业
54,产品工程师,互联网科技企业
55,整机工艺工程师,互联网科技企业
56, 算法工程师(杭州、武汉),互联网科技企业
57,软件开发工程师（杭州、武汉）,互联网科技企业
58,软件测试工程师(杭州、武汉),互联网科技企业
59,产品应用工程师(杭州、武汉）,互联网科技企业
61,机械开发工程师,其他类型企业
62,控制软件工程师,其他类型企业
63,硬件工程师,其他类型企业
64,应用软件工程师,其他类型企业
65,电机结构工程师,其他类型企业
67,国内营销类,其他类型企业
68,海外营销专员,其他类型企业
69,售后服务/客户服务,其他类型企业
70,生产管理储备,其他类型企业
71,财务会计,其他类型企业
72,人力资源专员,其他类型企业
73,信息化管理岗,工业科技企业
74,事业单位工作人员,社会企业
77,项目岗,互联网科技企业
78,质量岗,互联网科技企业
79,机械专利工程师,人文知识企业
80,宇通校园猎头,其他类型企业
81,电学/通信领域专利工程师,人文知识企业
83,嵌入式软件工程师,互联网科技企业
84,高级专利工程师,人文知识企业
87,渠道销售总监,金融企业
88,技术岗/职能岗,研究机构
89,生产研发工程师,工业科技企业
91,模具设计工程师,工业科技企业
92,电气自动化工程师,工业科技企业
93,量化系统开发工程师,金融企业
94,渠道销售经理,金融企业
98,项目工程师,工业科技企业
99,生产管理,工业科技企业
101,自动化工程师,互联网科技企业
102,电仪工程师,互联网科技企业
103,化工工程师,互联网科技企业
104,节能项目经理,互联网科技企业
105,短视频编导,互联网科技企业
107,美资企业-猎头实习生（招聘方向）,社会企业
108,光学工程师,互联网科技企业
110,电气工程师,工业科技企业
111,香港科技大学数据建模硕士学位项目（MSc DDM）1月宣讲会（线上+线下）通知,人文知识企业
113,生产专训生,生活类企业
114,毫米波雷达算法工程师(上海/常州）,互联网科技企业
115,雷达信号处理工程师（上海/常州）,互联网科技企业
117,多益网络2022届校园招聘补录,互联网科技企业
118,美丽中国支教项目老师（研后空宣）,金融企业
120,研究员,专业技术服务企业
121,电气师,工业科技企业
122,机械及车辆工程专利代理人及助理,人文知识企业
123,材料化工类专利代理人及助理,人文知识企业
124,商标代理人助理,人文知识企业
125,电子及通讯工程专利代理人及助理,人文知识企业
126,机械设计类,研究机构
127,电气设计类,研究机构
128,软件设计类,研究机构
129,光学设计类,研究机构
130,机械助理工程师,互联网科技企业
131,电气助理工程师,互联网科技企业
132,软件助理工程师（开发方向）,互联网科技企业
133,软件助理工程师（实施方向）,互联网科技企业
134,软件助理工程师（上位机方向）,互联网科技企业
137,图像算法研究员,医疗科技企业
138,医疗软件工程师,医疗科技企业
140,设备工程师,互联网科技企业
141,PS 工程师,互联网科技企业
142,NPI 工程师,互联网科技企业
143,Labview 工程师,互联网科技企业
144,结构工程师,互联网科技企业
146,IOS 开发工程师,互联网科技企业
147,JAVA 开发工程师,互联网科技企业
148,H5 前端工程师,互联网科技企业
150,仪表软件工程师,互联网科技企业
151,MCU 软件工程师,互联网科技企业
152,集成测试工程师,互联网科技企业
153,安卓软件工程师,互联网科技企业
154,电芯工程师,高新技术企业
157,SMT 工程师,互联网科技企业
158,PQM 工程师,互联网科技企业
159,QE 工程师,互联网科技企业
160,实验室工程师,互联网科技企业
161,电力机车机械设计师、工艺师,工业科技企业
162,市场营销岗,工业科技企业
163,设计研发岗,工业科技企业
164,生产管理岗,工业科技企业
165,品牌主播,互联网科技企业
166,高压绝缘研究员（博士）,互联网科技企业
168,直播运营管培生,互联网科技企业
174,品质工程师,互联网科技企业
175,人事行政,互联网科技企业
176,产品策划专员,互联网科技企业
177,渗透测试工程师,互联网科技企业
178,网络安全测评师,互联网科技企业
179,密码测评工程师,互联网科技企业
180,芯片研发工程师,互联网科技企业
184,物理层算法工程师,互联网科技企业
185,数字信号处理工程师,互联网科技企业
186,射频工程师,互联网科技企业
188,网络算法工程师,互联网科技企业
189,嵌入式硬件工程师,互联网科技企业
190,交易员,金融企业
191,深圳报业集团2022年校园招聘,其他类型企业
192,猎头管培生,互联网科技企业
193,博士后工作站-深度学习算法研究员-医疗AI,医疗科技企业
194,中国石油大学（北京）,教育单位类
197,营销培训生,其他类型企业
199,特变电工自控设备有限公司2022届校园招聘简章,工业科技企业
238,华为终端 2022届新零售管培生招聘,其他类型企业
241,助理工程师,工业科技企业
242,电路设计工程师,互联网科技企业
244,电商主播,互联网科技企业
245,探店达人,互联网科技企业
248,贴合工程师,互联网科技企业
249,材料工程师,互联网科技企业
252,博士招聘-2021下半年“海外学者中国行”欢迎您参加,互联网科技企业
255,深圳市创新投资集团有限公司（简称“深创投”）博士后工作站面向社会招收2022级博士研究生,金融企业
256,图像算法工程师-三维视觉方向,互联网科技企业
257,单片机软件工程师,互联网科技企业
259,C++软件工程师,互联网科技企业
260,技术与研发类,互联网科技企业
261,全栈软件工程师,互联网科技企业
262,班主任老师,教育单位类
263,管培生（人力资源方向）,互联网科技企业
264,管培生（财务方向）,互联网科技企业
265,管培生（工业工程）,互联网科技企业
266,管培生（行政方向）,互联网科技企业
269,算法工程师,互联网科技企业
270,海外销售业务员（英语\日语\西班牙语\俄语\德语）,互联网科技企业
271,外贸助理（跟单方向）,互联网科技企业
272,文案策划,互联网科技企业
274,QT开发工程师,互联网科技企业
275,运营推广,互联网科技企业
276,嵌入式Linux软件工程师,互联网科技企业
277,图像算法工程师-深度学习方向,互联网科技企业
278,嵌入式图像算法工程师,互联网科技企业
279,软件测试工程师,互联网科技企业
280,教务专员（数据分析、网络应用与管理方向）,教育单位类
281,管培生（供应链方向）,互联网科技企业
282,管培生（生产管理方向）,互联网科技企业
283,技术研发人员,研究机构
284,品牌设计专员,互联网科技企业
285,黄河科技学院招聘公告2021年黄河科技学院博士招聘公告,互联网科技企业
286,智能化研究岗,互联网科技企业
288,中科院微电子所低功耗智能芯片与系统团队多岗位招聘,研究机构
289,责任工程师,专业技术服务企业
290,工艺整合工程师,互联网科技企业
292,生产工程师,互联网科技企业
295,软件开发,工业科技企业
298,光缆通信技术研发,工业科技企业
299,网络智能应用运营工程师,工业科技企业
300,终端测试等孵化业务,工业科技企业
301,数据分析工程师,互联网科技企业
303,电磁兼容检测,工业科技企业
304,电源检测,工业科技企业
305,配电工程师,工业科技企业
306,智能化工程售前工程师,工业科技企业
307,云网解决方案,工业科技企业
309,专业技术工程师,其他类型企业
311,大数据工程师,互联网科技企业
312,产品助理,互联网科技企业
314,测试开发工程师,互联网科技企业
315,软件开发工程师-操作系统开发工程师,互联网科技企业
316,信息化工程师,其他类型企业
317,电子/电器工艺/制程工程师,互联网科技企业
318,产品设计类,互联网科技企业
319,客户服务工程师,互联网科技企业
320,研发设计员,其他类型企业
321,投融资项目经理；法务经理；行政经理,金融企业
322,品质管理工程师,互联网科技企业
323,供应商管理专员,互联网科技企业
324,信息自动化,互联网科技企业
327,机械设备工程师,互联网科技企业
328,环境安全工程师,互联网科技企业
330,生产培训生,其他类型企业
333,研发设计工程师,互联网科技企业
334,税务助理,金融企业
335,集控运行/检修,其他类型企业
339,解决方案测试工程师,互联网科技企业
340,UX设计与研究,互联网科技企业
341,硬件测试,互联网科技企业
342,单板硬件开发,互联网科技企业
344,（世界500强）物产中大2022届校园招聘,其他类型企业
345,有机合成研究员,医疗科技企业
346,电机驱动助理工程师,互联网科技企业
347,主控助理工程师（嵌入式）,互联网科技企业
348,硬件开发助理工程师,互联网科技企业
350,电机驱动软件开发工程师,互联网科技企业
351,主控开发工程师（嵌入式）,互联网科技企业
352,硬件开发工程师,互联网科技企业
353,产品质量管理工程师,互联网科技企业
355,工程师助理,工业科技企业
356,人事助理,工业科技企业
357,采购助理,工业科技企业
360,layout 工程师,其他类型企业
361,工艺研发工程师,工业科技企业
363,光学研发工程师,工业科技企业
364,专利工程师（理工科零起点培训）,人文知识企业
365,人力资源类,生活类企业
366,供应链,生活类企业
368,通信工程师,生活类企业
369,大数据开发工程师,生活类企业
370,软件开发类,生活类企业
372,销售,生活类企业
373,高中各学科教师,教育单位类
374,爱玛科技集团2022届校招,互联网科技企业
375,营销策划,工业科技企业
376,售后助理,工业科技企业
377,业务助理,工业科技企业
378,设备装调工程师,工业科技企业
379,交付工艺工程师,工业科技企业
381,关于2022年度湖南省国资委“英培计划”人才选拔公告,金融企业
383,FPGA开发工程师,互联网科技企业
384,互联网医院董事长助理,医疗科技企业
385,渠道拓展专员,医疗科技企业
386,产品运营,医疗科技企业
388,产品经理,医疗科技企业
389,新媒体运营,医疗科技企业
390,工程项目管理与采购助理,医疗科技企业
391,业务咨询师,互联网科技企业
392,系统工程师,互联网科技企业
393,结构/土建工程师,互联网科技企业
394,信息化设计工程师,互联网科技企业
395,通信设计工程师,互联网科技企业
396,解决方案工程师,互联网科技企业
397,教师岗管培生,互联网科技企业
398,密码学,互联网科技企业
399,各学科教师,教育单位类
400,猎头顾问助理,专业技术服务企业
401,机械/电气工程师,其他类型企业
403,人力资源顾问,专业技术服务企业
404,ASIC研发工程师,互联网科技企业
405,软件工程师（开发岗）,互联网科技企业
406,软件工程师（测试岗）,互联网科技企业
408,科研助理,互联网科技企业
409,驻外技术支持工程师/技术方案工程师,互联网科技企业
410,工业设计师,互联网科技企业
411,外贸销售工程师,互联网科技企业
412,驻外销售工程师,互联网科技企业
414,后端java开发工程师,互联网科技企业
416,产品开发工程师,互联网科技企业
421,教员,工业科技企业
422,ID与UX设计师,互联网科技企业
423,结构与材料工程师,互联网科技企业
425,信号算法工程师,医疗科技企业
427,控制算法工程师,医疗科技企业
431,气路工程师,医疗科技企业
432,嵌入式软件开发工程师-产品研发中心,互联网科技企业
433,系统设计工程师,互联网科技企业
434, 蛋白纯化研究员,医疗科技企业
435,分子克隆,医疗科技企业
437,质量检验员,互联网科技企业
438,助理研究员（算法）,互联网科技企业
440,细胞培养研究员,医疗科技企业
444, 技术工程师（电芯）,高新技术企业
445,技术支持工程师（pack),高新技术企业
447,设备技术工程师,高新技术企业
452,工业设计工程师,高新技术企业
454,整车电控工程师,高新技术企业
456,Web前端开发工程师,专业技术服务企业
457,机械设计工程师,互联网科技企业
458,仿真工程师,高新技术企业
460,电气研发工程师,互联网科技企业
461,Python开发工程师,专业技术服务企业
462,物联网开发工程师,专业技术服务企业
463,嵌入式软件硬件工程师,互联网科技企业
467,技术工程师,高新技术企业
468,电池储能销售,高新技术企业
469,群团工作岗,工业科技企业
470,安全研究实习生（iast/sast漏洞检测方向）,互联网科技企业
471,安全研究实习生（主机安全方向）,互联网科技企业
472,软件开发实习生,互联网科技企业
474,软件测试实习生,互联网科技企业
475,电源设计师,互联网科技企业
476,安全服务实习生,互联网科技企业
477,技术支持实习生,互联网科技企业
478,安全研究实习生（容器安全方向）,互联网科技企业
480,H5开发工程师,互联网科技企业
481,攻防研究实习生,互联网科技企业
482,安全研究实习生（漏扫方向）,互联网科技企业
483,安全研究实习生（欺骗防御方向）,互联网科技企业
485,Android开发工程师,互联网科技企业
486,重庆三峡职业学院2021年下半年公开招聘在编博士、硕士研究生人才招聘简章,互联网科技企业
487,应用科学家实习生,金融企业
489,后端开发工程师,互联网科技企业
491,抗体药设计算法工程师,互联网科技企业
492,药物研发工程师,互联网科技企业
493,机器学习工程师,互联网科技企业
495,自动化机械工程师,互联网科技企业
496,单片机/嵌入式软件工程师,互联网科技企业
498,电气/机电工程师,互联网科技企业
499,外贸助理,互联网科技企业
501,电子商务/网络运营专员,互联网科技企业
502,电子商务/网络运营管培生,互联网科技企业
504,助理机械工程师,互联网科技企业
510,机械设备技术,互联网科技企业
511,生物信息工程师,互联网科技企业
512,行政实习生,互联网科技企业
513,软件开发实习生 智能硬件团队,金融企业
514,硬件测试工程师,互联网科技企业
516,数字设计工程师,互联网科技企业
518,党群工作岗,工业科技企业
519,人力资源岗,工业科技企业
520,产品类,工业科技企业
522,实施工程师,互联网科技企业
523,FAE现场应用工程师(工作地点：深圳/上海),互联网科技企业
524,模拟IC版图设计工程师(工作地点：日本),互联网科技企业
525,先行研究类,工业科技企业
526,生产管理类,工业科技企业
527,模拟集成电路设计工程师(工作地点：日本),互联网科技企业
528,供应链类,工业科技企业
529,SoC集成电路逻辑设计工程师(工作地点：日本),互联网科技企业
530,运维工程师(软件支持方向)工作地点：日本,互联网科技企业
531,运维工程师(主机方向)工作地点：日本,互联网科技企业
532,运维工程师(网络方向)工作地点：日本,互联网科技企业
533,运维工程师(信息安全方向)工作地点：日本,互联网科技企业
536,研发工程师JAVA,互联网科技企业
537,大学英语教师,教育单位类
538,大学数学教师,教育单位类
539,大学物理教师,教育单位类
540,计算机基础教师,教育单位类
542,高级税务助理,金融企业
543, 云帆生-财务管理方向（管培生）,互联网科技企业
545,三维图形研发工程师,医疗科技企业
546,计算几何研发工程师,医疗科技企业
547,图形处理工程师（信号处理方向）,医疗科技企业
548,助理光学工程师,医疗科技企业
549, 云帆生-成本管理方向（管培生）,互联网科技企业
550,云帆生-技术支持方向（管培生）,互联网科技企业
551, 云帆生-投资管理方向（管培生）,互联网科技企业
552, 云帆生-人力资源方向（管培生）,互联网科技企业
553,电工与电 子技术教师,教育单位类
554,灭火战术教师,教育单位类
555,灭火救援指挥教师,教育单位类
556,消防技术装备教师,教育单位类
557,火灾监控技术教师,教育单位类
558,信号与系统教师,教育单位类
559,自动控制原理教师,教育单位类
560,地理信息系统教师,教育单位类
561,淮阴师范学院2021年诚聘高层次人才,教育单位类
562,高等学校教学科研岗,互联网科技企业
563,专任辅导员,教育单位类
565,香港科技大学数据建模硕士学位项目（MSc DDM） 12月宣讲会（线上+线下）通知,人文知识企业
568,游戏行业全岗位序列开放,互联网科技企业
569,扬州市优秀青年人才,其他类型企业
570,设计工程师,互联网科技企业
571,电气自动化,互联网科技企业
572,电子信息工程,互联网科技企业
573,硬件设计工程师,工业科技企业
574,c++开发工程师,互联网科技企业
575,计算机科学与技术,互联网科技企业
576,软件工程,互联网科技企业
578,机械设计制造及其自动化,互联网科技企业
581,C/C++软件工程师（Linux，嵌入式，单片机，智能应用）,互联网科技企业
583,西安工商学院2021年11月招聘公告,教育单位类
586,2022年杭州建德市招引党政储备人才公告,社会企业
590,计算机、通信类专利代理人助理,其他类型企业
591,软件开发工程师（北京/上海）年薪10-25W,互联网科技企业
592,软件测试工程师（北京）年薪10-25W,互联网科技企业
593,研发测试工程师,互联网科技企业
594,FunPlus趣加技术类急招岗位内推,互联网科技企业
596,桂林理工大学南宁分校2022年专职学生辅导员招聘启事,互联网科技企业
597,数据安全研究员（隐私计算）,研究机构
598,HANA Core Development Support Engineer,其他类型企业
599,智能算法研究员（图像识别）,研究机构
601,信号处理工程师,互联网科技企业
602,高精度算法工程师,互联网科技企业
604,专利工程师（电学、通信、机械、自动化领域）,人文知识企业
606,专利工程师（电学、通信、机械、自动化等领域）,人文知识企业
608,歌莉娅22届校招管理培训生,其他类型企业
609,伊利2022年校招-销售培训生（奶粉),其他类型企业
610,系统集成项目经理,工业科技企业
611,信号完整性[SI/PI]工程师,工业科技企业
612,MEMS工艺研发工程师,工业科技企业
613,MLC/MLO材料研发科学家,工业科技企业
614,MEMS结构设计工程师,工业科技企业
615,FPGA工程师,工业科技企业
616,软件研发工程师,互联网科技企业
617,RF MEMS仿真设计工程师,工业科技企业
619,研发管理培训生,互联网科技企业
621,总体工程师,互联网科技企业
625,工程技术类,工业科技企业
626,技术型销售,工业科技企业
627,市场策划,工业科技企业
628,教师岗,教育单位类
629,生产装配调试类,工业科技企业
630,工艺/客服/质量/设备/设计工程师,互联网科技企业
631,Power Management IC Design Engineer,互联网科技企业
632,软件开发工程师（后端）,医疗科技企业
633,河南科技大学诚聘优秀人才,互联网科技企业
634,算法与数据科学方向,互联网科技企业
636,重庆电力高等专科学校,工业科技企业
637,储备技术员,工业科技企业
638,专利代理人助理,其他类型企业
639,市场策划专员,生活类企业
640,专利流程专员兼行政助理,其他类型企业
641,智慧物流工程师,生活类企业
642,供应链管理专员,生活类企业
643,运营管理专员,生活类企业
644,销售经理/大客户经理,工业科技企业
648,管培生（市场营销方向）,金融企业
649,管培生（商品采购方向）,金融企业
652,投资分析岗,金融企业
653,投资经理,金融企业
654,电子电路工程师,互联网科技企业
658,销售经理,互联网科技企业
660,Android开发工程师（MJ002632）,互联网科技企业
665,IC验证工程师,医疗科技企业
666,初级嵌入式工程师,医疗科技企业
667,FAE工程师,医疗科技企业
670,GLOBAL YOUNG TALENTS,教育单位类
672,嵌入式工程师,互联网科技企业
676,教育产品研发（文科：含语文、英语）,互联网科技企业
679,客户端开发工程师,互联网科技企业
680,网络安全工程师,互联网科技企业
681,教育产品研发（理科：含数学、物理、化学）,互联网科技企业
682,光学元器件研发工程师,工业科技企业
683,自动化设备研发工程师,工业科技企业
684,业务员,工业科技企业
685,开发工程师,互联网科技企业
687,校内实习生,互联网科技企业
690,光学与工艺工程师,其他类型企业
691,新媒体文案,互联网科技企业
692,	短视频剪辑,互联网科技企业
694,流量投手,互联网科技企业
695,课程顾问,互联网科技企业
700,Linux系统开发工程师,医疗科技企业
701,软件工程师（图像）,医疗科技企业
702,注册工程师,医疗科技企业
704,生化测试工程师（化学）,医疗科技企业
705,生化测试工程师（微生物）,医疗科技企业
706,SQE工程师,医疗科技企业
709,市场专员,医疗科技企业
711,工程管理岗,互联网科技企业
712,信息化岗,互联网科技企业
714,投融资管理岗,互联网科技企业
715,行政管理岗,互联网科技企业
716,香港科技大学工学院理学硕士环境工程学及管理(MSc EVEM)2022Fall宣讲会(线上),人文知识企业
717,香港科技大学工学院理学硕士土木基建工程及管理(MSc CIEM)2022Fall宣讲会(线上),人文知识企业
718,嵌入式开发工程师  (C/C++ ),互联网科技企业
719,研发工程师（程序/电气）,工业科技企业
720,机械管培生,工业科技企业
722,研发工程师（嵌入式硬件）,工业科技企业
723,研发工程师（嵌入式软件）,工业科技企业
724,研发工程师（嵌入式驱动）,工业科技企业
725,研发工程师（机器人方案）,工业科技企业
726,程序管培生,工业科技企业
727,电气管培生,工业科技企业
728,激光管培生,工业科技企业
729,视觉管培生,工业科技企业
730,软件管培生,工业科技企业
731,研发质量管培生,工业科技企业
732,项目管培生,工业科技企业
733,人力资源管培生,工业科技企业
734,行政管培生,工业科技企业
735,标准化工程师,工业科技企业
736,产品管培生,工业科技企业
737,大唐电信科技股份有限公司2022应届生招聘,互联网科技企业
738,临床工程师,医疗科技企业
745,马克思主义教学部,教育单位类
746,酿酒工程自动化系,教育单位类
747,酿酒工程系,教育单位类
748,旅游管理系,教育单位类
749,食品科学与工程,教育单位类
750,工商管理系,教育单位类
751,雷达信号处理工程师,互联网科技企业
752,谱育科技2022年校园招聘-开发类岗位,互联网科技企业
753,电子电气工程师,医疗科技企业
754,Java软件工程师,互联网科技企业
756,2022校园招聘-管培生,金融企业
761,web前端工程师,医疗科技企业
763,生物研发研究员／生物研发高级研究员,医疗科技企业
765,博士后研究人员,教育单位类
770,实习生,教育单位类
771,大客户销售管培生（北京）,互联网科技企业
772,大客户销售管培生（上海）,互联网科技企业
773,售前解决方案管培生,互联网科技企业
774,售前解决方案管培生（上海）,互联网科技企业
775,浙江大学医学院附属第一医院2022年（第一批）招聘公告,医疗科技企业
776,研发技术类,互联网科技企业
779,技术培训生,工业科技企业
781,结构设计工程师,互联网科技企业
783,高级研发工程师,工业科技企业
784,助理研发工程师,工业科技企业
785,高级材料工程师,工业科技企业
786,分析测试工程师,工业科技企业
788,人工智能算法工程师,互联网科技企业
789,技术岗,工业科技企业
790,技术岗或营销技术支持岗,工业科技企业
791,数据挖掘与建模工程师,互联网科技企业
793,风控策略分析师,互联网科技企业
794,产品经理（金融方向）,互联网科技企业
795,电气设计,工业科技企业
796,硬件开发,工业科技企业
797,软件开发 （嵌入式方向）,工业科技企业
799,技术支持,工业科技企业
801,产品测试,工业科技企业
802,会计,工业科技企业
814,职能管理岗,互联网科技企业
816,供应链管理采购,互联网科技企业
817,生物医学硕博人才,医疗科技企业
818,天线工程师,研究机构
820,雷达系统工程师,研究机构
821,视觉应用工程师,互联网科技企业
823,视觉开发工程师,互联网科技企业
824,数据算法工程师,研究机构
826,芯片工程师,研究机构
827,外延工程师,研究机构
829,外延研发科学家,研究机构
831,前端工程师,研究机构
832,芯片研发科学家,研究机构
833,PFGA工程师,研究机构
834,版图设计工程师（Layout engineer),研究机构
835,机械研发工程师,工业科技企业
837,产品工程师（技术支持）,工业科技企业
838,编译验证实习生,互联网科技企业
839,设备管理工程师,工业科技企业
840,振动噪声测试工程师,工业科技企业
841,仿真分析工程师,工业科技企业
843,型线设计工程师,工业科技企业
844,销售应用工程师,工业科技企业
846,信息安全开发工程师,工业科技企业
848,热招：IT互联网高端猎头顾问/管培生（欢迎转行，欢迎应届生，北京朝阳门包住）,专业技术服务企业
850,算法工程师岗,互联网科技企业
851,机械设计研发岗1,互联网科技企业
852,软件工程师（C++）,互联网科技企业
853,人资专员,互联网科技企业
854,财务专员,互联网科技企业
859,【华睿科技】2022届FPGA工程师,互联网科技企业
860,【华睿科技】2022届算法优化工程师,互联网科技企业
861,【华睿科技】2022届硬件工程师,互联网科技企业
862,【华睿科技】2022届C++软件工程师,互联网科技企业
864,市场助理,互联网科技企业
865,数字前端工程师,互联网科技企业
866,模拟集成电路设计师,互联网科技企业
867, 版图工程师,互联网科技企业
868,营运助理,专业技术服务企业
869,招商助理,专业技术服务企业
870,人力行政助理,专业技术服务企业
871,市场推广助理,专业技术服务企业
872,慧云助理工程师,专业技术服务企业
873,出纳,专业技术服务企业
874,产品项目管理工程师,互联网科技企业
875,产品项目支持工程师,互联网科技企业
876,橙星管培生（车物理赔岗）,其他类型企业
881,交付管理工程师,互联网科技企业
882,行业售前,互联网科技企业
884,战略售前,互联网科技企业
885,电性能设计工程师,研究机构
887,技术员,研究机构
888,售前测试及招投标工程师,互联网科技企业
889,售后技术支持工程师,互联网科技企业
891,应用协议开发与测试工程师,互联网科技企业
892,C开发工程师,互联网科技企业
894,陶瓷材料技术工程师,研究机构
895,天线罩电性能设计工程师,研究机构
901,因光而遇，向光而行 | 2022新思科技校园招聘全新启动！,互联网科技企业
903,电控工程师,其他类型企业
904,橙星管培生（非水险理赔岗）,其他类型企业
905,橙星管培生（数据分析岗）,其他类型企业
907,IT软件工程师,其他类型企业
909,游戏市场调研实习生,互联网科技企业
910,游戏开发工程师（C++）,互联网科技企业
911,前后端技术开发,专业技术服务企业
912,自动化工程师（20212022届）,互联网科技企业
913,技术销售工程师,其他类型企业
914,机械工程师（20212022届）,互联网科技企业
916,游戏开发C++实习生,互联网科技企业
917,游戏前端开发工程师,互联网科技企业
918,⼤数据开发⼯程师,互联网科技企业
919,软件工程师（20212022届）,互联网科技企业
920, 后端开发⼯程师（Golang),互联网科技企业
924,图像算法工程师（20212022届）,互联网科技企业
925,电子工程师（20212022届）,互联网科技企业
926,IT运维工程师,生活类企业
927,存储软件开发工程师,互联网科技企业
928,网管前台工程师,互联网科技企业
929,网管后台工程师,互联网科技企业
931,销售支持,互联网科技企业
934,射频IC设计工程师,工业科技企业
935, 数字设计工程师,工业科技企业
936,现场应用工程师（FAE）,工业科技企业
940,大宗商品trader,专业技术服务企业
947,行政管理储备干部,互联网科技企业
950,市场策划工程师,互联网科技企业
953,研发工程师（物理专业）,互联网科技企业
954,研发工程师（数学专业）,互联网科技企业
955,嵌入式开发工程师,其他类型企业
956,美丽中国支教项目2022级支教老师,金融企业
957,软件工程师 （C/C++）,互联网科技企业
958,软件工程师 （linux应用/驱动）,互联网科技企业
960,企业管理专职,高新技术企业
962,中建四局2022届“善建者”校园招聘,工业科技企业
966,前沿技术研究岗 (含通信技术相关算法方向),互联网科技企业
968,电子电气认证事业部 销售工程师,互联网科技企业
969,汽车检测事业部  销售工程师,互联网科技企业
970,电子电气检测事业部 销售工程师,互联网科技企业
971,部门助理/认证助理/文员,互联网科技企业
972,品质/工艺工程师,互联网科技企业
973,生产管理储备干部,互联网科技企业
974,创新业务支撑,互联网科技企业
977,1.	研究院，研究员,互联网科技企业
978,2.	研究院，科研助理,互联网科技企业
979,3.	电气/电磁兼容/射频测试/安规测试工程师,互联网科技企业
981,理化测试工程师,互联网科技企业
982,可靠性测试工程师/项目工程师,互联网科技企业
983,材料分析工程师,互联网科技企业
984,技术支持工程师/项目工程师,互联网科技企业
986,硬件研发工程师,高新技术企业
987,自控研发工程师,高新技术企业
990,软件研发岗,高新技术企业
991,技术支持（运维）,高新技术企业
995,国贸（整机）,工业科技企业
996,国贸（配件、技术服务）,工业科技企业
997,单证员（信保）,工业科技企业
998,计划员,工业科技企业
999,射频模拟IC设计工程师,互联网科技企业
1001,仪器研发,互联网科技企业
1002,网络工程师,互联网科技企业
1003,java工程师,互联网科技企业
1004,需求分析师,互联网科技企业
1006,嵌入式软件研发工程师,工业科技企业
1008,数字后端设计工程师,互联网科技企业
1010,射频硬件与天线工程师,互联网科技企业
1011,上汽通用汽车-新能源体验店销售类储备生招聘简章,生活类企业
1012,浙江捷昌线性驱动科技股份有限公司招聘简章,互联网科技企业
1014,机械结构工程师,医疗科技企业
1015,前端软件工程师,医疗科技企业
1018,IC测试开发工程师,互联网科技企业
1019,IC应用验证工程师,互联网科技企业
1021,检验工程师,互联网科技企业
1022,试验工程师,互联网科技企业
1024,设备维护工程师,互联网科技企业
1026,战略管理/供应链管理/营销管理/人力资源管理,工业科技企业
1028,内审专员,互联网科技企业
1029,生物医学类助理研究员,互联网科技企业
1030,蛋白纯化助理工程师,互联网科技企业
1031,光学类助理工程师,互联网科技企业
1032,机械类助理工程师,互联网科技企业
1033,芯片类助理工程师,互联网科技企业
1034,软件类助理工程师,互联网科技企业
1035,营销经理,互联网科技企业
1036,后端工程师(深圳）,互联网科技企业
1039,Field Service Engineer,工业科技企业
1040,Field Process Engineer,工业科技企业
1041,后端工程师（深圳-实习）,互联网科技企业
1042,前端工程师（深圳）,互联网科技企业
1043,前端工程师（深圳-实习）,互联网科技企业
1044,全栈工程师（北京）,互联网科技企业
1047,后端工程师（北京）,互联网科技企业
1048,后端工程师（北京-实习）,互联网科技企业
1049,全栈工程师（北京-实习）,互联网科技企业
1052,技术员/工艺员,其他类型企业
1053,算法工程师（北京）,互联网科技企业
1054,算法工程师（北京-实习）,互联网科技企业
1055,机器视觉算法工程师,研究机构
1057,嵌入式系统开发工程师,互联网科技企业
1059,外贸业务助理（贸易培训生）,生活类企业
1060,助理硬件工程师（研发培训生）,生活类企业
1065,助理嵌入式软件工程师（研发培训生）,生活类企业
1070,助理算法工程师（研发培训生）,生活类企业
1071,助理物联网工程师（研发培训生）,生活类企业
1072,AI/大数据工程师,互联网科技企业
1073,现场应用工程师,互联网科技企业
1074,mcu工程师,互联网科技企业
1077,web开发工程师,互联网科技企业
1080,电源应用工程师,互联网科技企业
1081,模拟/混合集成电路设计/验证工程师,互联网科技企业
1083,东方航空2022全球校园招聘正式启动,其他类型企业
1085,成都中电锦江信息产业有限公司2022年校园招聘,互联网科技企业
1086,专业技术员,工业科技企业
1088,FPGA逻辑工程师,互联网科技企业
1092,应用工程师,互联网科技企业
1093,管培生（数字营销方向）,互联网科技企业
1095,线上运营,互联网科技企业
1096,管培生（商务方向）,互联网科技企业
1099,合成研究员,医疗科技企业
1102,伊利2022年校招-生产培训生（液态奶）,生活类企业
1103,伊利2022年校招-生产专训生（液态奶）,生活类企业
1107,运营经理（超市/百货/购物中心方向）,互联网科技企业
1108,营销策划经理,互联网科技企业
1112,ios开发工程师,互联网科技企业
1113,安卓开发工程师,互联网科技企业
1115,UI设计师,互联网科技企业
1116,数据仓库工程师,互联网科技企业
1117,数据分析师,互联网科技企业
1118,文案策划师,互联网科技企业
1119,TCL华星光电2022届秋季校园招聘（博士版）,工业科技企业
1123,初级财务顾问,生活类企业
1125,设计师,工业科技企业
1126,SMT电子工程师,互联网科技企业
1131,版图设计工程师,互联网科技企业
1132,模拟设计工程师,互联网科技企业
1133,数字设计及验证工程师,互联网科技企业
1134,NCG CAD工程师,互联网科技企业
1135,初级PE工程师,工业科技企业
1136,翻译助理,工业科技企业
1137,人力资源管理岗,其他类型企业
1138,营销专业岗,其他类型企业
1139,运营管理岗,其他类型企业
1140,程序员,专业技术服务企业
1141,电子技术类岗-多岗位多地可选-10w+,互联网科技企业
1142,国内海外销售工程师-多地可选10w+,互联网科技企业
1143,智能驾驶系统工程师,工业科技企业
1144,VCU软件工程师,工业科技企业
1145,整车研发工程师,工业科技企业
1146,发动机研发工程师,工业科技企业
1147,功能安全工程师,工业科技企业
1148,见习业务经理,工业科技企业
1151,电装工艺员,互联网科技企业
1152,电子对抗工程师,互联网科技企业
1153,知识产权规划与研究/情报研究/软件开发/信息规划/信息化项目建设/工业网络安全/智能化改造/档案编研/会计,工业科技企业
1154,渠道销售工程师,互联网科技企业
1155,自动控制软硬件工程师,互联网科技企业
1156,KA销售助理工程师（大客户销售）,互联网科技企业
1157,嵌入式软硬件工程师,互联网科技企业
1158,自动化控制工程师,工业科技企业
1159,服务工程师,工业科技企业
1161,生产制造工程师,工业科技企业
1163,采购工程师,工业科技企业
1167,Marketing与销售服务部岗位,其他类型企业
1168,智网工程师,互联网科技企业
1169,深度学习/计算机视觉工程师,互联网科技企业
1170,北京极智嘉Geek+ 2022届校园招聘,互联网科技企业
1171,硬/软件设计师,工业科技企业
1172,大连商品交易所2021年招聘简章,其他类型企业
1173,爱柯迪股份有限公司校园招聘简章,其他类型企业
1177,业务支持助理,互联网科技企业
1178,用户运营助理,互联网科技企业
1179,实验助理,医疗科技企业
1183,数据运营助理,互联网科技企业
1184,分子生物学研究员,医疗科技企业
1185,蛋白研究员,医疗科技企业
1186,制剂主管,医疗科技企业
1190,业务规划助理,互联网科技企业
1191,成本管控助理,互联网科技企业
1192,纯化主管,医疗科技企业
1195,机器学习负责人,研究机构
1196,流程管理助理,互联网科技企业
1197,显示算法负责人,研究机构
1198,软件负责人,研究机构
1199,校招职位,互联网科技企业
1200,嵌入式系统负责人,研究机构
1201,电路负责人,研究机构
1202,综合管理,其他类型企业
1203,VR 3D引擎科学家,研究机构
1204,物流管理,其他类型企业
1205,硬件原型开发负责人,研究机构
1207,大宗商品贸易,其他类型企业
1208,图形图像算法科学家,研究机构
1209,财务管理,其他类型企业
1211,安卓高级软件负责人,研究机构
1212,软件助理实施顾问,工业科技企业
1213,人体感知与视觉科学家,研究机构
1215,电子工程师/技术员,互联网科技企业
1216,ISP 图像算法负责人,研究机构
1218,先进显示技术研发负责人,研究机构
1219,算法工程师-图形图像算法工程师,互联网科技企业
1221,显示、光学测试负责人,研究机构
1222,江门市“百名博士引进工程”引进公告,社会企业
1223,显示驱动面板设计负责人,研究机构
1224,显示背板制程器件工程负责人,研究机构
1225,显示驱动IC设计负责人,研究机构
1226,IT 工程师 （服务器）,研究机构
1227,实验室管理员,研究机构
1228,【网易有道】Android开发工程师,互联网科技企业
1229,【网易有道】iOS开发工程师,互联网科技企业
1230,【网易有道】前端开发工程师,互联网科技企业
1231,Junior Auditor 初级审计员,生活类企业
1232,【网易有道】JAVA开发工程师,互联网科技企业
1233,【网易有道】C++开发工程师,互联网科技企业
1234,【网易有道】测试开发工程师,互联网科技企业
1235,【网易有道】语音算法工程师,互联网科技企业
1236,【网易有道】NLP算法工程师,互联网科技企业
1237,【网易有道】广告算法工程师,互联网科技企业
1238,【网易有道】高中各科主讲教师（九科）,互联网科技企业
1239,【网易有道】产品、市场、运营管培生,互联网科技企业
1240,【网易有道】产品策划,互联网科技企业
1241,仪电技术,其他类型企业
1243,数字芯片设计工程师,工业科技企业
1245,鞍山师范学院,教育单位类
1248,数字芯片验证工程师,工业科技企业
1249, 风控策略分析师,互联网科技企业
1253,数字后端工程师,工业科技企业
1254,芯片封装及测试,工业科技企业
1256,模拟电路设计工程师,工业科技企业
1257,2022届管培生,生活类企业
1258,模拟电路后端工程师,工业科技企业
1260,软件开发工程,工业科技企业
1261,FPGA测试工程师,工业科技企业
1263,射频开发工程师,工业科技企业
1264,基带算法工程师,工业科技企业
1266,中国联通四川省分公司2021年（2022届）  秋季校园招聘公告,互联网科技企业
1269,模拟IC设计工程师（电源方向）,互联网科技企业
1270,自动驾驶仿真应用工程师,互联网科技企业
1271,自动驾驶场景库构建工程师,互联网科技企业
1272,模拟IC设计工程师（信号链方向）,互联网科技企业
1275,新能源设计师,研究机构
1276,硕博岗,工业科技企业
1281,总体设计工程师,互联网科技企业
1284,FPGA逻辑开发工程师,互联网科技企业
1287,OTC推广经理,高新技术企业
1288,财务风控岗,金融企业
1289,主播,高新技术企业
1293,12月3日博士视频“云”招聘火热开启，期待您的到来！,互联网科技企业
1294,运营,高新技术企业
1295,新媒体推广,高新技术企业
1296,临床协调员,高新技术企业
1297,纯化技术员,高新技术企业
1298,DFT设计工程师,工业科技企业
1300,数字中台运营经理,互联网科技企业
1302,行业客户经理,互联网科技企业
1303,工业互联网解决方案工程师,互联网科技企业
1304,系统集成架构师,互联网科技企业
1305,网络规划和优化工程师,互联网科技企业
1306,动力配套维护工程师,互联网科技企业
1307,智家客户经理,互联网科技企业
1308,GIS开发工程师,工业科技企业
1309,工程技术人员,研究机构
1310,研发技术岗,高新技术企业
1311,工艺技术岗,高新技术企业
1312,销售技术岗,高新技术企业
1313,机电技术岗,高新技术企业
1314,企业专员,高新技术企业
1316,人事专员,高新技术企业
1318,制造中心后备干部,高新技术企业
1321,游戏策划（关卡/系统/数值）,互联网科技企业
1322,软件研发,互联网科技企业
1323,逻辑研发,互联网科技企业
1324,广州珠江职业技术学院2021年人才招聘,互联网科技企业
1325,研发工程师/助理,高新技术企业
1331,技术开发工程师、产品、客户、项目经理,互联网科技企业
1333,研发总监,互联网科技企业
1334, 应急管理部上海消防研究所  2022年招聘简章,研究机构
1335,Software Development Engineer,互联网科技企业
1336,Web前端工程师,互联网科技企业
1337,项目交付技术经理,互联网科技企业
1338,解决方案经理,互联网科技企业
1340,大数据研发工程师,互联网科技企业
1341,统计程序师I(可实习）,互联网科技企业
1342,数据挖掘工程师,互联网科技企业
1344,汽车工程学院专任教师,互联网科技企业
1345,格力电器2022格锐先锋计划招聘,工业科技企业
1346,生物统计师I(可实习）,互联网科技企业
1347,助理数据管理员（可实习）,互联网科技企业
1348,数据建库师I,互联网科技企业
1351,AI算法工程师-研究院,互联网科技企业
1353,分布式数据平台开发工程师,互联网科技企业
1354,后端研发工程师,互联网科技企业
1355,机器学习/数据挖掘/自然语言处理工程师,互联网科技企业
1356,汇萃智能2022校园招聘,互联网科技企业
1359,后端软件开发工程师,互联网科技企业
1361,关卡设计,互联网科技企业
1362,游戏策划,互联网科技企业
1363,3D特效,互联网科技企业
1364,服务端开发工程师,互联网科技企业
1369,数据开发工程师,互联网科技企业
1371,项目管理（通信方向）,其他类型企业
1372,投标管培生,其他类型企业
1376,电机设计工程师,工业科技企业
1378,2022届应届毕业生,互联网科技企业
1380,商务营销岗,互联网科技企业
1381,运维工程师,互联网科技企业
1382,人力管培生,其他类型企业
1383,音视频开发工程师,工业科技企业
1385,【事业编教师，非师范类亦可】2022年吴江区选聘优秀毕业生公告,其他类型企业
1387,财务管培生,其他类型企业
1388,证券管培生,其他类型企业
1389,综合管培生,其他类型企业
1390,C语言开发工程师,工业科技企业
1391,Android软件开发工程师,工业科技企业
1392,Linux c/c++开发工程师,工业科技企业
1393,初级产品工程师,工业科技企业
1395,开发管培生,其他类型企业
1398,3D模型,互联网科技企业
1399,3D动作,互联网科技企业
1400,通信测试工程师,其他类型企业
1402,市场拓展,其他类型企业
1404,3D场景,互联网科技企业
1405,商务管理,其他类型企业
1407,售前管培生,其他类型企业
1408,项目管理（政企方向）,其他类型企业
1410,项目管理（IDC方向）,其他类型企业
1412,项目管理（新能源方向）,其他类型企业
1415,振动分析诊断师,工业科技企业
1416,算法开发工程师,互联网科技企业
1417,客户端软件开发工程师,互联网科技企业
1421,Project Planner（2022）,工业科技企业
1422,软件开发工程师（2022届）,工业科技企业
1423,硬件开发工程师（2022届）,工业科技企业
1424,试剂研发工程师,医疗科技企业
1427,电子技术研发工程师,医疗科技企业
1430,操作工,高新技术企业
1431,检验员,高新技术企业
1432,设备维修,高新技术企业
1433,未来领袖,工业科技企业
1434,开源证券机构业务团队,金融企业
1437,报价/方案工程师,工业科技企业
1438,嵌入式软件/前端/后端开发工程师,工业科技企业
1439,工业工程师,工业科技企业
1440,系统运维工程师,工业科技企业
1442,市场支持/拓展工程师,工业科技企业
1443,HRBP,工业科技企业
1446,成本管理专员,工业科技企业
1447,商务采购专员,工业科技企业
1448,商务关系专员,工业科技企业
1449,高级文秘,工业科技企业
1450,工程项目经理/造价员,工业科技企业
1455,SQE,高新技术企业
1456,企业管理,高新技术企业
1457,市场外销,高新技术企业
1458,市场内勤,高新技术企业
1460,哈尔滨理工大学2021年引进人才公告  根据《黑龙江省事业单位公开招聘人员暂行办法》（黑办发〔2006〕32号）、《黑龙江省省直事业单位公开招聘工作人员实施细则,教育单位类
1461,工艺员、技术员、智能化改造工程师、营销储备人才,其他类型企业
1462,焊接工艺员、技术员、焊接工程师,其他类型企业
1465,"加入我们,共建中国民族品牌 水羊股份2022届校园招聘“远洋计划”",其他类型企业
1466,小学老师,教育单位类
1467,初中老师,教育单位类
1468,高中老师,教育单位类
1469,模拟芯片设计工程师,互联网科技企业
1470,机械工程师（2022届）,工业科技企业
1471,数字电路验证工程师,互联网科技企业
1472,LinuxC软件工程师,互联网科技企业
1473,高级软件工程师,互联网科技企业
1474,【佳能医疗】软件开发工程师,医疗科技企业
1475,【佳能医疗】图像算法研究员,医疗科技企业
1476,芯片后端设计工程师 ASIC physical design engineer,工业科技企业
1477,芯片设计工程师,工业科技企业
1478,芯片验证工程师,工业科技企业
1479,交换机芯片SDK软件工程师,工业科技企业
1480, 香港科技大学22fall数据建模硕士学位项目线下招生宣讲会,人文知识企业
1483,智能传感算法工程师,医疗科技企业
1488,JAVA 高级开发工程师,金融企业
1489,仿真工程师（北京）,互联网科技企业
1490,电气设计工程师（北京/浙江嘉善）,互联网科技企业
1491,机械设计工程师（北京）,互联网科技企业
1492,虚拟现实工程师（北京）,互联网科技企业
1493,算法工程师 （北京）,互联网科技企业
1494,C++开发工程师 （北京）,互联网科技企业
1497,器件设计工程师,互联网科技企业
1498,DRAM Designer,互联网科技企业
1499,模拟电路 IC 设计工程师,互联网科技企业
1500,FinTech管理培训生,金融企业
1502,市场营销类,金融企业
1503,运营支持类,金融企业
1505,教学开发工程师 （上海/嘉善）,互联网科技企业
1506,服务支持,互联网科技企业
1507,商务BD,互联网科技企业
1508,工业机器人培训工程师（机器人/电气方向）,互联网科技企业
1509,企业信息化类,金融企业
1510,web前端开发,互联网科技企业
1511,管培生（鸭鸭羽绒服）,互联网科技企业
1512,舞台灯光设计师、舞台机械设计师,研究机构
1513,CoE 开发工程师 - SAP Women’s Tech Academy Program,其他类型企业
1515,信息技术岗,工业科技企业
1520,动力工程技术,互联网科技企业
1524,模拟IC实习生,工业科技企业
1526,微波系统工程师,互联网科技企业
1527,领航家（营销管培生）,金融企业
1528,微结构工程师,互联网科技企业
1530,技术研发,互联网科技企业
1531,封装技术开发,互联网科技企业
1532,理财规划师,金融企业
1533,新产品开发,互联网科技企业
1534,制程工程师,互联网科技企业
1536,财务、管理类,互联网科技企业
1537,IT开发工程师,其他类型企业
1538,IT应用工程师,其他类型企业
1539,云网运营工程师,其他类型企业
1541,无线网络优化维护工程师,其他类型企业
1543,技术管培生,工业科技企业
1544,封装工艺工程师,互联网科技企业
1545,技术研发工程师,互联网科技企业
1548,北京未尔科技2022届校园招聘,互联网科技企业
1549,ATE测试工程师,互联网科技企业
1551,雷达总体设计师,研究机构
1553,FPGA软件工程师,研究机构
1556,航天工程师（雷达方向）,研究机构
1557,检测工程师,专业技术服务企业
1561,人工智能,互联网科技企业
1563,三电研发工程师,工业科技企业
1564,财富管理类,金融企业
1566,MCU销售工程师,互联网科技企业
1569,IC模拟电路设计工程师,互联网科技企业
1570,IC数字电路设计工程师,互联网科技企业
1571,半导体测试工程师,研究机构
1573,技术储备干部,互联网科技企业
1576,大客户销售管培生,互联网科技企业
1578,软件架构师,研究机构
1579,软件研发设计师,研究机构
1580,通信组网设计师,研究机构
1581,人力资源部管理培训生,互联网科技企业
1582,仓储物流管理培训生,互联网科技企业
1583,茂业集团2022届管培生(全国),其他类型企业
1584,计划物控部管理培训生,互联网科技企业
1585,华夏幸福基业股份有限公司2022级“产动力”产业招商培训生校园招聘,其他类型企业
1586,教学科研及其他岗位,教育单位类
1587,总裁办行政助理EA（初级）,互联网科技企业
1588,触屏固件工程师（驱动工程师）,互联网科技企业
1590,交互设计师,互联网科技企业
1591,驱动工程师,互联网科技企业
1593,PPTC产品开发工程师,互联网科技企业
1594,器件研发工程师,互联网科技企业
1595,（三）工程师岗位C（助理工程师/工程师／高级工程师 若干）,研究机构
1596,（二）工程师岗位2（工程师／高级工程师 若干）,研究机构
1597,（四）工程师岗位4（助理工程师/工程师 若干）,研究机构
1598,产品测试岗、架构设计岗、人才培养及发展岗、大数据分析岗、程序开发岗,互联网科技企业
1599,微创®医疗机器人2022校园招聘正式启动！,医疗科技企业
1600,高中全职教师,工业科技企业
1601,多岗位招聘：业务拓展类、技术研发类、财务审计类、行政职能类	,其他类型企业
1602,材料及产品开发总监,互联网科技企业
1605,应用工程师FAE,互联网科技企业
1607,储备PMC主管,互联网科技企业
1609,海外销售工程师,互联网科技企业
1610,光刻研发工程师,互联网科技企业
1611,光学设计研发工程师,互联网科技企业
1612,FPGA研发工程师,互联网科技企业
1614,厂务特气工程师,互联网科技企业
1617,C++工程师,互联网科技企业
1618,数字后端助理工程师,互联网科技企业
1619,EMU工程师,互联网科技企业
1620,广州金融控股集团博士后,金融企业
1624,前端开发,互联网科技企业
1626,Android开发A工程师,互联网科技企业
1628,前后端开发或管理储备生或测试,互联网科技企业
1629,设施工程师,高新技术企业
1631,功能测试工程师,互联网科技企业
1634,助理实施顾问,工业科技企业
1635,助理技术顾问,工业科技企业
1636,助理销售,工业科技企业
1637,助理产品经理,工业科技企业
1638,助理架构师,工业科技企业
1640,Java后端开发工程师,工业科技企业
1641,元器件可靠性技术研究岗,研究机构
1645,信息化实施工程师,互联网科技企业
1646,信息化研发工程师（JAVA开发工程师）,互联网科技企业
1649,嵌入式研发工程师,互联网科技企业
1650,中试工程师,互联网科技企业
1651,振动故障诊断与信号分析算法,互联网科技企业
1654,项目技术研究及实施工程师,互联网科技企业
1655,软件开发工程师 （Java/前端/Android/iOS）,互联网科技企业
1657,IC模拟工程师,工业科技企业
1658,2022菁英计划-西安,互联网科技企业
1659,财务会计岗,互联网科技企业
1663,5G网络工程师,互联网科技企业
1664,播控系统技术调度岗,互联网科技企业
1666,封装研发工程师,互联网科技企业
1668,制冷机研发工程师,互联网科技企业
1669,设备（助理）工程师,互联网科技企业
1670,质量（助理）工程师,互联网科技企业
1671,见职位详情,互联网科技企业
1672,核桃管培生,互联网科技企业
1674,项目管理专员,互联网科技企业
1677,中信证券杭州凤起路营业部2022校招培训生,金融企业
1678,系统开发,互联网科技企业
1680,研发工程师助理,高新技术企业
1681,推广专员,教育单位类
1683,UE4开发工程师,互联网科技企业
1684,视觉算法工程师,互联网科技企业
1685,模拟仿真工程师（物理）,互联网科技企业
1686,技术美术,互联网科技企业
1687,UE4美术师,互联网科技企业
1690,产品及解决方案,互联网科技企业
1691,业务顾问,互联网科技企业
1692,AI工程师,互联网科技企业
1693,软件研发工程师（Java/C++/Golang）,互联网科技企业
1694,计算机视觉算法工程师,互联网科技企业
1695,java开发,互联网科技企业
1696,技术顾问-BI方向,互联网科技企业
1697,技术顾问--BI方向,互联网科技企业
1699,算法工程师（调度优化）,互联网科技企业
1700,数字电路设计工程师,互联网科技企业
1702,综合及后端设计工程师,互联网科技企业
1703,项目实施顾问,互联网科技企业
1707,财务审计岗,工业科技企业
1708,嵌入式驱动软件工程师,互联网科技企业
1709,多媒体驱动软件工程师,互联网科技企业
1711,ISP算法工程师,互联网科技企业
1712,视频算法工程师,互联网科技企业
1713,成本造价岗,工业科技企业
1714,机械管理岗,工业科技企业
1715,电气技术岗,工业科技企业
1717,模拟版图工程师,互联网科技企业
1719,2022届校招算法工程师,互联网科技企业
1722,2022届校招-软件开发工程师,互联网科技企业
1723,应用开发,医疗科技企业
1725,硬件工程师、软件工程师、算法工程师、结构工程师、电路设计工程师、FPGA工程师、测试工程师、微组装工程师等岗位；,互联网科技企业
1726,可靠性工程师、传感器工艺工程师（懂焊接）、微电子工艺工程师等；,互联网科技企业
1727,数字逻辑设计工程师,工业科技企业
1728,数字逻辑验证工程师,工业科技企业
1730,销售工程师（北京、西安、青岛等区域）；,互联网科技企业
1731,管培生——人力、财务、质量、采购、设备管理、战略发展部等方向；,互联网科技企业
1732,集成电路物理设计工程师,工业科技企业
1733,计算机平台软硬件开发工程师,工业科技企业
1734,IT系统运维工程师,工业科技企业
1735,设计自动化（CAD）开发工程师,工业科技企业
1736,C++软件开发工程师,互联网科技企业
1737,器件模型开发工程师,互联网科技企业
1739,组稿编辑,教育单位类
1740,学术编辑,教育单位类
1741,PDK开发工程师,互联网科技企业
1742,Qt开发工程师,互联网科技企业
1743,产品验证工程师,互联网科技企业
1744,期刊编辑,教育单位类
1745,课程编辑（职教）,教育单位类
1746,文稿编辑（计算机）,教育单位类
1747,文稿编辑（理工）,教育单位类
1748,信息化技术员,工业科技企业
1749,营销助理(经管),教育单位类
1750,营销专员(医学),教育单位类
1751,EDA软件开发工程师,互联网科技企业
1752,雷达信号处理技术研究岗,研究机构
1753,微波系统设计岗,研究机构
1755,软件工程师 （ C++/QT/C#方向 ）,互联网科技企业
1756,算法工程师（图像处理/深度学习方向）,互联网科技企业
1758,机器视觉工程师,互联网科技企业
1762,光学设计工程师,互联网科技企业
1763,光学测试工程师,互联网科技企业
1764,光学结构工程师,互联网科技企业
1766,用户研究/运营,互联网科技企业
1768,数据工程师,互联网科技企业
1770,2022届橙星管培生（核保）,金融企业
1771,2022届橙星管培生（职能）,金融企业
1774,产品经理助理,金融企业
1775,2022届橙星管培生（市场营销）,金融企业
1776,IC数字电路工程师,互联网科技企业
1777,IC软件工程师,互联网科技企业
1778,研发类岗位/工程类岗位/运营支持类岗位,互联网科技企业
1779,投资经理助理,金融企业
1780,行政人事助理,金融企业
1781,大数据管理岗,互联网科技企业
1783,游戏运营,互联网科技企业
1784,Golang服务端开发工程师,互联网科技企业
1786,经营专员,互联网科技企业
1787,科创青苗计划,互联网科技企业
1788,Unity3D开发工程师,互联网科技企业
1789,推荐算法工程师,互联网科技企业
1795,会计助理,互联网科技企业
1797,项目运营专员,互联网科技企业
1798,项目申报专员,互联网科技企业
1799,硬件产品经理,互联网科技企业
1800,软件产品经理,互联网科技企业
1802,web前端开发工程师,互联网科技企业
1805,研发工程师/镀膜方向,互联网科技企业
1806,研发工程师/冷加工方向,互联网科技企业
1808,机械博士后,互联网科技企业
1809,软件博士后,互联网科技企业
1810,化学博士后,互联网科技企业
1811,激光工艺博士后,互联网科技企业
1812,光学博士后,互联网科技企业
1815,总经理助理,互联网科技企业
1816,化学实验员,互联网科技企业
1817,销售工程师/销售经理,互联网科技企业
1818,光学实习生,互联网科技企业
1822,机械工艺工程师,互联网科技企业
1824,助理软件工程师,互联网科技企业
1826,传动/动力工程师,工业科技企业
1828,控制工程师,工业科技企业
1829,装配工艺师,工业科技企业
1830,供方开发工程师,工业科技企业
1831,焊接工艺师,工业科技企业
1833,海外销售经理,工业科技企业
1835,品牌管理/市场分析,工业科技企业
1837,精益生产管理,工业科技企业
1838,光学研发主管,互联网科技企业
1840,质量体系管理,工业科技企业
1842,激光工艺工程师,互联网科技企业
1843,助理化学工程师,互联网科技企业
1845,图像识别算法工程师,互联网科技企业
1846,企业级销售管理培训生（专业不限）,互联网科技企业
1847,进站博士后,互联网科技企业
1849,C++研发工程师,互联网科技企业
1850,企业级销售管理培训生-全国各省会城市-专业不限,互联网科技企业
1854,JAVA研发工程师,互联网科技企业
1856,光罩数据处理工程师,工业科技企业
1859,测试开发工程师（JAVA基础）,互联网科技企业
1860,企业级销售管理培训生-专业不限-全国省会,互联网科技企业
1862,PHP开发工程师,互联网科技企业
1863,售后工程师(产品部),互联网科技企业
1864,锦跃生/未来翼,专业技术服务企业
1865,企业级销售管理培训生-专业不限-全国省会城市,互联网科技企业
1867,企业级销售管理培训生,互联网科技企业
1868,算法工程师（实习）,工业科技企业
1869,软件工程师（实习）,工业科技企业
1872,产品/工艺/质量工程师,工业科技企业
1874,区块链研究员,工业科技企业
1878,AI算法工程师,互联网科技企业
1880,研发项目负责人,工业科技企业
1881,企业级管理培训生-专业不限-全国省会,互联网科技企业
1883,市场商务合作专员（专业不限）,互联网科技企业
1884,软件研发工程师（全国）,互联网科技企业
1887,人力资源实习生,互联网科技企业
1888,运营助理,互联网科技企业
1889,智能制造工程师,生活类企业
1892,电磁兼容技术支持工程师,专业技术服务企业
1893,数字IC验证工程师,互联网科技企业
1895,MEMS研发工程师,互联网科技企业
1896,计算机运维人员,工业科技企业
1897,计算机软件开发人员,工业科技企业
1899,系统集成工程师,互联网科技企业
1901,信息化咨询师,工业科技企业
1902,运营咨询工程师,工业科技企业
1903,质量助理,专业技术服务企业
1904,助理检测工程师,专业技术服务企业
1905,自动控制系统研发工程师,互联网科技企业
1906,算法工程师 （计算机视觉&amp;AI方向）,互联网科技企业
1907,证券交易员,金融企业
1910,软件开发工程师岗,互联网科技企业
1912,后台开发工程师,互联网科技企业
1913,应用开发工程师,互联网科技企业
1915,售前解决方案岗,互联网科技企业
1916,仿真平台CFD数值算法研发工程师（北京/上海）,互联网科技企业
1917,高性能计算HPC研发工程师（北京/上海）,互联网科技企业
1919,高性能计算工程师,互联网科技企业
1921,UI/UED工程师,互联网科技企业
1922,机械研发工程师（2022）,工业科技企业
1924,算法工程师（图像处理方向）,互联网科技企业
1925,软件开发工程师（图像处理方向）,互联网科技企业
1928,JAVA工程师(前端、后端、全栈）,互联网科技企业
1929,现场运维工程师(成都、广州、北京、上海、保定）,互联网科技企业
1930,电磁兼容仿真工程师,专业技术服务企业
1932,电磁兼容整改工程师,专业技术服务企业
1933,系统应用工程师,互联网科技企业
1934,解决方案架构师,互联网科技企业
1935,研发工程师（3个研发方向）,互联网科技企业
1936,技术支持工程师（FAE）,互联网科技企业
1938,研发管培生,其他类型企业
1939,新材料开发工程师,工业科技企业
1940,国际市场营销,工业科技企业
1941,国内市场营销,工业科技企业
1943,研究人员,研究机构
1944,（校园招聘）技术研发岗—本科学历,互联网科技企业
1945,（校园招聘）技术研发岗——硕士及以上学历,互联网科技企业
1946,项目招投标专员,互联网科技企业
1947,核算工程师,互联网科技企业
1949,检测师,工业科技企业
1951,.NET工程师,互联网科技企业
1953,工程技术员,工业科技企业
1955,软件开发工程师-通用软件开发（IT方向）,互联网科技企业
1957,集成电路设计,研究机构
1958,ISP图像开发工程师,互联网科技企业
1959,项目实施工程师,互联网科技企业
1960,声网2022校园宣传大使,互联网科技企业
1962,机械自动化设计工程师,互联网科技企业
1963,重庆金康新能源汽车有限公司,高新技术企业
1964,电源软件算法工程师,互联网科技企业
1965,通信系统设计,研究机构
1966,探测系统总体设计,研究机构
1967,射频电路设计,研究机构
1968,管理培训生-教学/教研方向,互联网科技企业
1969,管理培训生-业务方向,互联网科技企业
1971,管理培训生-职能方向,互联网科技企业
1976,电磁算法工程师（测试方向）,互联网科技企业
1977,测试总体研究,互联网科技企业
1978,测试系统集成工程师（侧重理论仿真）,互联网科技企业
1979,测试系统集成工程师（侧重实现制造）,互联网科技企业
1980,销售管培生,其他类型企业
1987,应届本科,工业科技企业
1990, 碳化硅研发博士,工业科技企业
1991,碳化硅工艺工程师,工业科技企业
1992,应届硕士,工业科技企业
1994,碳化硅研发工程师,工业科技企业
1995,电真空设计师,工业科技企业
1996,java开发工程师,互联网科技企业
1998,研发设计类管培生-本科,其他类型企业
2000,框架工程师,互联网科技企业
2001,Java/前端/测试实习生,互联网科技企业
2003,研发设计类管培生-硕士,其他类型企业
2004,管理支持类管培生,其他类型企业
2005,客户销售代表,互联网科技企业
2006,中台英才生,互联网科技企业
2007,董事长助理,互联网科技企业
2011,芯片设计&amp;验证工程师,互联网科技企业
2014,企业管理设计与评估工程师,互联网科技企业
2016,助理PCB工程师,互联网科技企业
2017,助理基带工程师,互联网科技企业
2019,飞机附件研发工程师,互联网科技企业
2020,电机开发工程师,互联网科技企业
2021,python开发工程师,互联网科技企业
2023,RFIC设计工程师,互联网科技企业
2024,供应商质量工程师,工业科技企业
2026,制造工程师,工业科技企业
2027,密码产品安全测评工程师,互联网科技企业
2030,物料工程师,工业科技企业
2034,Java技术顾问,互联网科技企业
2036,客户成功顾问,互联网科技企业
2037,紫光展锐2022校招-非技术类岗位热招中,互联网科技企业
2042,解决方案工程师岗,互联网科技企业
2044,汽车内饰造型设计师,互联网科技企业
2045,物流管理岗,生活类企业
2048,生产管培生/职能管培生,高新技术企业
2049,芯片安全测评工程师,互联网科技企业
2050,通讯云研发-后台研发工程师,互联网科技企业
2051,客服云研发-前端工程师,互联网科技企业
2055,通讯云研发-测试工程师,互联网科技企业
2056,私有云-Java工程师,互联网科技企业
2059,激光工程师,互联网科技企业
2060,私有云-前端工程师,互联网科技企业
2061,校园大使,互联网科技企业
2068,股票交易员,金融企业
2077,研发/工艺类,工业科技企业
2079,软饰设计工程师,工业科技企业
2080,机器人算法工程师,互联网科技企业
2081,医学影像算法工程师,互联网科技企业
2082,骨架设计工程师,工业科技企业
2084,样件工程师,工业科技企业
2087,先期制造工程师,工业科技企业
2088,生信工程师,互联网科技企业
2089,C#开发工程师,工业科技企业
2094,综合类岗位（14大类见职位详情）,互联网科技企业
2096,市场代表,互联网科技企业
2098,OSH“雁翔·青葵2022”项目校园招聘,其他类型企业
2099,助理生信工程师,互联网科技企业
2102,JAVA软件工程师,互联网科技企业
2103,模拟IC工程师,互联网科技企业
2104,SLAM算法工程师,互联网科技企业
2105,C#软件工程师,互联网科技企业
2108,机械/结构设计工程师,互联网科技企业
2110,招聘专员,互联网科技企业
2111,博士后,教育单位类
2112,OpenMMLab算法研究员,教育单位类
2113,校招-前端开发工程师,互联网科技企业
2115,决策AI算法研究员,教育单位类
2116,校招-Python开发工程师,互联网科技企业
2117,AI青年科学家,教育单位类
2118,校招-产品经理,互联网科技企业
2119,校招-新媒体运营,互联网科技企业
2120,光学设计师,研究机构
2121,结构设计师,研究机构
2122,电路设计师,研究机构
2123,软件设计师,研究机构
2124,激光探测研发工程师,研究机构
2125,激光器研发工程师,研究机构
2126,自动控制工程师,研究机构
2127,光功能材料研发工程师,研究机构
2129,机构业务管理培训生,金融企业
2130,英文学术期刊助理编辑,互联网科技企业
2140,工艺管培生,互联网科技企业
2143,Andorid开发工程师,互联网科技企业
2145,北森2022届校园招聘简章（互联网企业、HRSaaS独家兽、九险一金）,互联网科技企业
2146,职业卫生工程师,工业科技企业
2147,工安工程师,工业科技企业
2148,环保工程师,工业科技企业
2151,体系工程师,工业科技企业
2152,ERC工程师,工业科技企业
2154,水处理工程师,工业科技企业
2155,化学系统工程师,工业科技企业
2156,气体系统工程师,工业科技企业
2158,整合工程师,工业科技企业
2161,IE工程师,工业科技企业
2162,采购专员/助理,工业科技企业
2163,IT助理工程师,工业科技企业
2164,质量与可靠性工程师,工业科技企业
2165,HR专员,工业科技企业
2166,结构强度设计师,互联网科技企业
2167,机械设计师,医疗科技企业
2170,研发工程师（生物）,医疗科技企业
2172,南京大学普惠三农金融科技创新研究中心2021青年教师（大数据AI区块链）岗招聘,教育单位类
2173,总体设计岗,互联网科技企业
2175,产品设计（继电器）,互联网科技企业
2176,雷达随动设计师,其他类型企业
2177,雷达中高频电路设计,其他类型企业
2179,雷达天馈设计师,其他类型企业
2180,雷达计算机系统软件设计师,其他类型企业
2181,雷达信号处理系统线路软件设计,其他类型企业
